location,date,total_cases,new_cases,total_deaths,new_deaths,total_cases_per_million,new_cases_smoothed_per_million,total_deaths_per_million,new_deaths_smoothed_per_million,reproduction_rate,total_vaccinations,new_vaccinations,total_vaccinations_per_hundred,people_vaccinated_per_hundred,people_fully_vaccinated_per_hundred,new_vaccinations_smoothed_per_million,stringency_index,population
Japan,2020/01/21,2,0,,,0.016,0,0,0,,,,,,,,2.78,126476458
Japan,2020/01/22,2,0,,,0.016,0,0,0,,,,,,,,2.78,126476458
Japan,2020/01/23,2,0,,,0.016,0,0,0,,,,,,,,2.78,126476458
Japan,2020/01/24,2,0,,,0.016,0.003,0,0,,,,,,,,2.78,126476458
Japan,2020/01/25,2,0,,,0.016,0.003,0,0,,,,,,,,2.78,126476458
Japan,2020/01/26,4,2,,,0.032,0.006,0,0,,,,,,,,2.78,126476458
Japan,2020/01/27,4,0,,,0.032,0.006,0,0,,,,,,,,2.78,126476458
Japan,2020/01/28,7,3,,,0.055,0.006,0,0,,,,,,,,2.78,126476458
Japan,2020/01/29,7,0,,,0.055,0.006,0,0,,,,,,,,2.78,126476458
Japan,2020/01/30,11,4,,,0.087,0.01,0,0,,,,,,,,2.78,126476458
Japan,2020/01/31,15,4,,,0.119,0.015,0,0,,,,,,,,2.78,126476458
Japan,2020/02/01,20,5,,,0.158,0.02,0,0,,,,,,,,8.33,126476458
Japan,2020/02/02,20,0,,,0.158,0.018,0,0,,,,,,,,8.33,126476458
Japan,2020/02/03,20,0,,,0.158,0.018,0,0,,,,,,,,8.33,126476458
Japan,2020/02/04,22,2,,,0.174,0.017,0,0,,,,,,,,19.44,126476458
Japan,2020/02/05,23,1,,,0.182,0.018,0,0,,,,,,,,19.44,126476458
Japan,2020/02/06,23,0,,,0.182,0.014,0,0,,,,,,,,19.44,126476458
Japan,2020/02/07,23,0,,,0.182,0.009,0,0,,,,,,,,19.44,126476458
Japan,2020/02/08,24,1,,,0.19,0.005,0,0,,,,,,,,19.44,126476458
Japan,2020/02/09,24,0,,,0.19,0.005,0,0,,,,,,,,19.44,126476458
Japan,2020/02/10,26,2,,,0.206,0.007,0,0,,,,,,,,19.44,126476458
Japan,2020/02/11,27,1,,,0.213,0.006,0,0,,,,,,,,19.44,126476458
Japan,2020/02/12,28,1,,,0.221,0.006,0,0,,,,,,,,19.44,126476458
Japan,2020/02/13,33,5,1,1,0.261,0.011,0.008,0.001,,,,,,,,19.44,126476458
Japan,2020/02/14,43,10,1,0,0.34,0.023,0.008,0.001,,,,,,,,19.44,126476458
Japan,2020/02/15,54,11,1,0,0.427,0.034,0.008,0.001,,,,,,,,19.44,126476458
Japan,2020/02/16,60,6,1,0,0.474,0.041,0.008,0.001,,,,,,,,19.44,126476458
Japan,2020/02/17,67,7,1,0,0.53,0.046,0.008,0.001,,,,,,,,19.44,126476458
Japan,2020/02/18,79,12,2,1,0.625,0.059,0.016,0.002,,,,,,,,19.44,126476458
Japan,2020/02/19,85,6,2,0,0.672,0.064,0.016,0.002,,,,,,,,19.44,126476458
Japan,2020/02/20,95,10,2,0,0.751,0.07,0.016,0.001,,,,,,,,25,126476458
Japan,2020/02/21,112,17,2,0,0.886,0.078,0.016,0.001,,,,,,,,25,126476458
Japan,2020/02/22,137,25,2,0,1.083,0.094,0.016,0.001,1.2,,,,,,,25,126476458
Japan,2020/02/23,149,12,2,0,1.178,0.101,0.016,0.001,1.15,,,,,,,25,126476458
Japan,2020/02/24,160,11,2,0,1.265,0.105,0.016,0.001,1.11,,,,,,,25,126476458
Japan,2020/02/25,173,13,3,1,1.368,0.106,0.024,0.001,1.08,,,,,,,34.26,126476458
Japan,2020/02/26,192,19,3,0,1.518,0.121,0.024,0.001,1.08,,,,,,,34.26,126476458
Japan,2020/02/27,218,26,4,1,1.724,0.139,0.032,0.002,1.1,,,,,,,34.26,126476458
Japan,2020/02/28,236,18,5,1,1.866,0.14,0.04,0.003,1.07,,,,,,,34.26,126476458
Japan,2020/02/29,245,9,6,1,1.937,0.122,0.047,0.005,1.09,,,,,,,34.26,126476458
Japan,2020/03/01,259,14,6,0,2.048,0.124,0.047,0.005,1.21,,,,,,,34.26,126476458
Japan,2020/03/02,278,19,6,0,2.198,0.133,0.047,0.005,1.33,,,,,,,43.52,126476458
Japan,2020/03/03,298,20,6,0,2.356,0.141,0.047,0.003,1.41,,,,,,,43.52,126476458
Japan,2020/03/04,333,35,7,1,2.633,0.159,0.055,0.005,1.52,,,,,,,43.52,126476458
Japan,2020/03/05,365,32,7,0,2.886,0.166,0.055,0.003,1.58,,,,,,,43.52,126476458
Japan,2020/03/06,420,55,7,0,3.321,0.208,0.055,0.002,1.65,,,,,,,43.52,126476458
Japan,2020/03/07,466,46,7,0,3.684,0.25,0.055,0.001,1.61,,,,,,,43.52,126476458
Japan,2020/03/08,499,33,8,1,3.945,0.271,0.063,0.002,1.56,,,,,,,43.52,126476458
Japan,2020/03/09,527,28,10,2,4.167,0.281,0.079,0.005,1.52,,,,,,,40.74,126476458
Japan,2020/03/10,585,58,13,3,4.625,0.324,0.103,0.008,1.5,,,,,,,40.74,126476458
Japan,2020/03/11,640,55,15,2,5.06,0.347,0.119,0.009,1.41,,,,,,,40.74,126476458
Japan,2020/03/12,696,56,19,4,5.503,0.374,0.15,0.014,1.32,,,,,,,40.74,126476458
Japan,2020/03/13,733,37,21,2,5.796,0.354,0.166,0.016,1.23,,,,,,,40.74,126476458
Japan,2020/03/14,795,62,22,1,6.286,0.372,0.174,0.017,1.21,,,,,,,40.74,126476458
Japan,2020/03/15,826,31,24,2,6.531,0.369,0.19,0.018,1.15,,,,,,,40.74,126476458
Japan,2020/03/16,843,17,30,6,6.665,0.357,0.237,0.023,1.11,,,,,,,40.74,126476458
Japan,2020/03/17,893,50,30,0,7.061,0.348,0.237,0.019,1.09,,,,,,,40.74,126476458
Japan,2020/03/18,928,35,32,2,7.337,0.325,0.253,0.019,1.07,,,,,,,40.74,126476458
Japan,2020/03/19,968,40,33,1,7.654,0.307,0.261,0.016,1.1,,,,,,,40.74,126476458
Japan,2020/03/20,1022,54,34,1,8.081,0.326,0.269,0.015,1.16,,,,,,,40.74,126476458
Japan,2020/03/21,1059,37,36,2,8.373,0.298,0.285,0.016,1.22,,,,,,,40.74,126476458
Japan,2020/03/22,1104,45,40,4,8.729,0.314,0.316,0.018,1.35,,,,,,,40.74,126476458
Japan,2020/03/23,1144,40,41,1,9.045,0.34,0.324,0.012,1.5,,,,,,,40.74,126476458
Japan,2020/03/24,1217,73,42,1,9.622,0.366,0.332,0.014,1.61,,,,,,,40.74,126476458
Japan,2020/03/25,1314,97,45,3,10.389,0.436,0.356,0.015,1.74,,,,,,,40.74,126476458
Japan,2020/03/26,1416,102,47,2,11.196,0.506,0.372,0.016,1.83,,,,,,,40.74,126476458
Japan,2020/03/27,1530,114,53,6,12.097,0.574,0.419,0.021,1.92,,,,,,,40.74,126476458
Japan,2020/03/28,1728,198,56,3,13.663,0.756,0.443,0.023,2.03,,,,,,,40.74,126476458
Japan,2020/03/29,1907,179,63,7,15.078,0.907,0.498,0.026,2.03,,,,,,,40.74,126476458
Japan,2020/03/30,2001,94,65,2,15.821,0.968,0.514,0.027,2,,,,,,,40.74,126476458
Japan,2020/03/31,2255,254,67,2,17.829,1.172,0.53,0.028,2.02,,,,,,,40.74,126476458
Japan,2020/04/01,2535,280,72,5,20.043,1.379,0.569,0.03,1.98,,,,,,,40.74,126476458
Japan,2020/04/02,2818,283,75,3,22.281,1.584,0.593,0.032,1.93,,,,,,,40.74,126476458
Japan,2020/04/03,3154,336,81,6,24.937,1.834,0.64,0.032,1.88,,,,,,,43.52,126476458
Japan,2020/04/04,3525,371,87,6,27.871,2.03,0.688,0.035,1.82,,,,,,,43.52,126476458
Japan,2020/04/05,3876,351,93,6,30.646,2.224,0.735,0.034,1.78,,,,,,,43.52,126476458
Japan,2020/04/06,4110,234,96,3,32.496,2.382,0.759,0.035,1.73,,,,,,,43.52,126476458
Japan,2020/04/07,4485,375,98,2,35.461,2.519,0.775,0.035,1.7,,,,,,,45.37,126476458
Japan,2020/04/08,5020,535,105,7,39.691,2.807,0.83,0.037,1.71,,,,,,,45.37,126476458
Japan,2020/04/09,5614,594,113,8,44.388,3.158,0.893,0.043,1.68,,,,,,,45.37,126476458
Japan,2020/04/10,6250,636,125,12,49.416,3.497,0.988,0.05,1.62,,,,,,,45.37,126476458
Japan,2020/04/11,6951,701,138,13,54.959,3.87,1.091,0.058,1.53,,,,,,,45.37,126476458
Japan,2020/04/12,7473,522,147,9,59.086,4.063,1.162,0.061,1.43,,,,,,,45.37,126476458
Japan,2020/04/13,7773,300,156,9,61.458,4.137,1.233,0.068,1.33,,,,,,,45.37,126476458
Japan,2020/04/14,8277,504,170,14,65.443,4.283,1.344,0.081,1.25,,,,,,,45.37,126476458
Japan,2020/04/15,8835,558,186,16,69.855,4.309,1.471,0.091,1.19,,,,,,,45.37,126476458
Japan,2020/04/16,9398,563,204,18,74.306,4.274,1.613,0.103,1.14,,,,,,,47.22,126476458
Japan,2020/04/17,9958,560,217,13,78.734,4.188,1.716,0.104,1.09,,,,,,,47.22,126476458
Japan,2020/04/18,10548,590,236,19,83.399,4.063,1.866,0.111,1.04,,,,,,,47.22,126476458
Japan,2020/04/19,10914,366,255,19,86.293,3.887,2.016,0.122,1,,,,,,,47.22,126476458
Japan,2020/04/20,11258,344,275,20,89.013,3.936,2.174,0.134,0.96,,,,,,,47.22,126476458
Japan,2020/04/21,11641,383,303,28,92.041,3.8,2.396,0.15,0.9,,,,,,,47.22,126476458
Japan,2020/04/22,12037,396,323,20,95.172,3.617,2.554,0.155,0.85,,,,,,,47.22,126476458
Japan,2020/04/23,12469,432,351,28,98.588,3.469,2.775,0.166,0.82,,,,,,,47.22,126476458
Japan,2020/04/24,12854,385,360,9,101.632,3.271,2.846,0.162,0.78,,,,,,,47.22,126476458
Japan,2020/04/25,13186,332,379,19,104.257,2.98,2.997,0.162,0.74,,,,,,,47.22,126476458
Japan,2020/04/26,13405,219,395,16,105.988,2.814,3.123,0.158,0.73,,,,,,,47.22,126476458
Japan,2020/04/27,13576,171,417,22,107.34,2.618,3.297,0.16,0.72,,,,,,,47.22,126476458
Japan,2020/04/28,13860,284,436,19,109.586,2.506,3.447,0.15,0.71,,,,,,,47.22,126476458
Japan,2020/04/29,14076,216,454,18,111.293,2.303,3.59,0.148,0.68,,,,,,,47.22,126476458
Japan,2020/04/30,14284,208,481,27,112.938,2.05,3.803,0.147,0.67,,,,,,,47.22,126476458
Japan,2020/05/01,14558,274,510,29,115.104,1.925,4.032,0.169,0.69,,,,,,,47.22,126476458
Japan,2020/05/02,14861,303,536,26,117.5,1.892,4.238,0.177,0.7,,,,,,,47.22,126476458
Japan,2020/05/03,15061,200,560,24,119.081,1.87,4.428,0.186,0.68,,,,,,,47.22,126476458
Japan,2020/05/04,15229,168,582,22,120.41,1.867,4.602,0.186,0.63,,,,,,,47.22,126476458
Japan,2020/05/05,15354,125,593,11,121.398,1.687,4.689,0.177,0.56,,,,,,,47.22,126476458
Japan,2020/05/06,15455,101,605,12,122.197,1.558,4.783,0.171,0.5,,,,,,,47.22,126476458
Japan,2020/05/07,15553,98,617,12,122.972,1.433,4.878,0.154,0.46,,,,,,,47.22,126476458
Japan,2020/05/08,15640,87,634,17,123.659,1.222,5.013,0.14,0.44,,,,,,,47.22,126476458
Japan,2020/05/09,15755,115,654,20,124.569,1.01,5.171,0.133,0.46,,,,,,,47.22,126476458
Japan,2020/05/10,15824,69,666,12,125.114,0.862,5.266,0.12,0.47,,,,,,,47.22,126476458
Japan,2020/05/11,15861,37,685,19,125.407,0.714,5.416,0.116,0.47,,,,,,,47.22,126476458
Japan,2020/05/12,15948,87,707,22,126.095,0.671,5.59,0.129,0.48,,,,,,,47.22,126476458
Japan,2020/05/13,15998,50,726,19,126.49,0.613,5.74,0.137,0.47,,,,,,,47.22,126476458
Japan,2020/05/14,16096,98,742,16,127.265,0.613,5.867,0.141,0.46,,,,,,,40.74,126476458
Japan,2020/05/15,16148,52,760,18,127.676,0.574,6.009,0.142,0.44,,,,,,,40.74,126476458
Japan,2020/05/16,16202,54,778,18,128.103,0.505,6.151,0.14,0.43,,,,,,,40.74,126476458
Japan,2020/05/17,16226,24,787,9,128.293,0.454,6.223,0.137,0.43,,,,,,,40.74,126476458
Japan,2020/05/18,16259,33,796,9,128.554,0.45,6.294,0.125,0.45,,,,,,,40.74,126476458
Japan,2020/05/19,16287,28,805,9,128.775,0.383,6.365,0.111,0.45,,,,,,,40.74,126476458
Japan,2020/05/20,16321,34,818,13,129.044,0.365,6.468,0.104,0.46,,,,,,,40.74,126476458
Japan,2020/05/21,16362,41,826,8,129.368,0.3,6.531,0.095,0.46,,,,,,,40.74,126476458
Japan,2020/05/22,16385,23,836,10,129.55,0.268,6.61,0.086,0.48,,,,,,,40.74,126476458
Japan,2020/05/23,16410,25,845,9,129.747,0.235,6.681,0.076,0.54,,,,,,,40.74,126476458
Japan,2020/05/24,16451,41,852,7,130.072,0.254,6.736,0.073,0.63,,,,,,,40.74,126476458
Japan,2020/05/25,16472,21,857,5,130.238,0.241,6.776,0.069,0.69,,,,,,,31.48,126476458
Japan,2020/05/26,16502,30,863,6,130.475,0.243,6.823,0.066,0.75,,,,,,,34.26,126476458
Japan,2020/05/27,16528,26,870,7,130.68,0.234,6.879,0.059,0.84,,,,,,,34.26,126476458
Japan,2020/05/28,16598,70,881,11,131.234,0.267,6.966,0.062,0.95,,,,,,,34.26,126476458
Japan,2020/05/29,16673,75,887,6,131.827,0.325,7.013,0.058,0.98,,,,,,,34.26,126476458
Japan,2020/05/30,16716,43,894,7,132.167,0.346,7.069,0.055,0.95,,,,,,,34.26,126476458
Japan,2020/05/31,16751,35,898,4,132.444,0.339,7.1,0.052,0.93,,,,,,,34.26,126476458
Japan,2020/06/01,16787,36,899,1,132.728,0.356,7.108,0.047,0.94,,,,,,,28.7,126476458
Japan,2020/06/02,16837,50,902,3,133.124,0.378,7.132,0.044,0.93,,,,,,,28.7,126476458
Japan,2020/06/03,16867,30,905,3,133.361,0.383,7.155,0.04,0.9,,,,,,,28.7,126476458
Japan,2020/06/04,16911,44,911,6,133.709,0.354,7.203,0.034,0.89,,,,,,,28.7,126476458
Japan,2020/06/05,16958,47,916,5,134.08,0.322,7.242,0.033,0.9,,,,,,,28.7,126476458
Japan,2020/06/06,17000,42,915,-1,134.412,0.321,7.235,0.024,0.93,,,,,,,28.7,126476458
Japan,2020/06/07,17039,39,917,2,134.721,0.325,7.25,0.021,0.94,,,,,,,28.7,126476458
Japan,2020/06/08,17060,21,920,3,134.887,0.308,7.274,0.024,0.96,,,,,,,28.7,126476458
Japan,2020/06/09,17111,51,920,0,135.29,0.309,7.274,0.02,1.02,,,,,,,28.7,126476458
Japan,2020/06/10,17146,35,922,2,135.567,0.315,7.29,0.019,1.03,,,,,,,28.7,126476458
Japan,2020/06/11,17187,41,922,0,135.891,0.312,7.29,0.012,1.07,,,,,,,28.7,126476458
Japan,2020/06/12,17250,63,924,2,136.389,0.33,7.306,0.009,1.14,,,,,,,28.7,126476458
Japan,2020/06/13,17293,43,927,3,136.729,0.331,7.329,0.014,1.19,,,,,,,28.7,126476458
Japan,2020/06/14,17369,76,927,0,137.33,0.373,7.329,0.011,1.26,,,,,,,28.7,126476458
Japan,2020/06/15,17439,70,929,2,137.883,0.428,7.345,0.01,1.26,,,,,,,28.7,126476458
Japan,2020/06/16,17484,45,934,5,138.239,0.421,7.385,0.016,1.18,,,,,,,28.7,126476458
Japan,2020/06/17,17530,46,935,1,138.603,0.434,7.393,0.015,1.14,,,,,,,28.7,126476458
Japan,2020/06/18,17588,58,935,0,139.061,0.453,7.393,0.015,1.13,,,,,,,28.7,126476458
Japan,2020/06/19,17658,70,951,16,139.615,0.461,7.519,0.03,1.15,,,,,,,28.7,126476458
Japan,2020/06/20,17725,67,955,4,140.145,0.488,7.551,0.032,1.17,,,,,,,28.7,126476458
Japan,2020/06/21,17780,55,955,0,140.58,0.464,7.551,0.032,1.17,,,,,,,25.93,126476458
Japan,2020/06/22,17820,40,955,0,140.896,0.43,7.551,0.029,1.21,,,,,,,25.93,126476458
Japan,2020/06/23,17879,59,965,10,141.362,0.446,7.63,0.035,1.27,,,,,,,25.93,126476458
Japan,2020/06/24,17963,84,967,2,142.026,0.489,7.646,0.036,1.34,,,,,,,25.93,126476458
Japan,2020/06/25,18055,92,971,4,142.754,0.527,7.677,0.041,1.4,,,,,,,25.93,126476458
Japan,2020/06/26,18162,107,971,0,143.6,0.569,7.677,0.023,1.45,,,,,,,25.93,126476458
Japan,2020/06/27,18254,92,971,0,144.327,0.598,7.677,0.018,1.49,,,,,,,25.93,126476458
Japan,2020/06/28,18366,112,972,1,145.213,0.662,7.685,0.019,1.57,,,,,,,25.93,126476458
Japan,2020/06/29,18476,110,972,0,146.083,0.741,7.685,0.019,1.64,,,,,,,25.93,126476458
Japan,2020/06/30,18615,139,972,0,147.182,0.831,7.685,0.008,1.7,,,,,,,25.93,126476458
Japan,2020/07/01,18838,223,976,4,148.945,0.988,7.717,0.01,1.73,,,,,,,25.93,126476458
Japan,2020/07/02,19055,217,977,1,150.66,1.13,7.725,0.007,1.68,,,,,,,25.93,126476458
Japan,2020/07/03,19185,130,977,0,151.688,1.155,7.725,0.007,1.6,,,,,,,25.93,126476458
Japan,2020/07/04,19461,276,977,0,153.871,1.363,7.725,0.007,1.62,,,,,,,25.93,126476458
Japan,2020/07/05,19668,207,977,0,155.507,1.471,7.725,0.006,1.59,,,,,,,25.93,126476458
Japan,2020/07/06,19848,180,978,1,156.93,1.55,7.733,0.007,1.57,,,,,,,25.93,126476458
Japan,2020/07/07,20055,207,981,3,158.567,1.627,7.756,0.01,1.54,,,,,,,25.93,126476458
Japan,2020/07/08,20261,206,982,1,160.196,1.607,7.764,0.007,1.54,,,,,,,25.93,126476458
Japan,2020/07/09,20617,356,982,0,163.011,1.764,7.764,0.006,1.62,,,,,,,25.93,126476458
Japan,2020/07/10,21044,427,982,0,166.387,2.1,7.764,0.006,1.66,,,,,,,25.93,126476458
Japan,2020/07/11,21430,386,982,0,169.439,2.224,7.764,0.006,1.62,,,,,,,25.93,126476458
Japan,2020/07/12,21841,411,983,1,172.688,2.454,7.772,0.007,1.61,,,,,,,25.93,126476458
Japan,2020/07/13,22125,284,984,1,174.934,2.572,7.78,0.007,1.58,,,,,,,25.93,126476458
Japan,2020/07/14,22437,312,984,0,177.401,2.691,7.78,0.003,1.57,,,,,,,25.93,126476458
Japan,2020/07/15,23172,735,984,0,183.212,3.288,7.78,0.002,1.6,,,,,,,25.93,126476458
Japan,2020/07/16,23510,338,985,1,185.884,3.268,7.788,0.003,1.51,,,,,,,25.93,126476458
Japan,2020/07/17,24104,594,985,0,190.581,3.456,7.788,0.003,1.53,,,,,,,25.93,126476458
Japan,2020/07/18,24946,842,986,1,197.238,3.971,7.796,0.005,1.54,,,,,,,25.93,126476458
Japan,2020/07/19,25446,500,986,0,201.192,4.072,7.796,0.003,1.47,,,,,,,25.93,126476458
Japan,2020/07/20,25706,260,988,2,203.247,4.045,7.812,0.005,1.45,,,,,,,25.93,126476458
Japan,2020/07/21,26463,757,988,0,209.233,4.547,7.812,0.005,1.48,,,,,,,25.93,126476458
Japan,2020/07/22,27136,673,990,2,214.554,4.477,7.828,0.007,1.45,,,,,,,25.93,126476458
Japan,2020/07/23,28114,978,992,2,222.286,5.2,7.843,0.008,1.46,,,,,,,30.56,126476458
Japan,2020/07/24,28883,769,994,2,228.367,5.398,7.859,0.01,1.42,,,,,,,30.56,126476458
Japan,2020/07/25,29684,801,996,2,234.7,5.352,7.875,0.011,1.4,,,,,,,30.56,126476458
Japan,2020/07/26,30548,864,998,2,241.531,5.763,7.891,0.014,1.43,,,,,,,34.26,126476458
Japan,2020/07/27,31142,594,998,0,246.228,6.14,7.891,0.011,1.46,,,,,,,34.26,126476458
Japan,2020/07/28,32116,974,1001,3,253.929,6.385,7.915,0.015,1.5,,,,,,,34.26,126476458
Japan,2020/07/29,33382,1266,1001,0,263.938,7.055,7.915,0.012,1.52,,,,,,,34.26,126476458
Japan,2020/07/30,35144,1762,1007,6,277.87,7.94,7.962,0.017,1.52,,,,,,,34.26,126476458
Japan,2020/07/31,36234,1090,1008,1,286.488,8.303,7.97,0.016,1.44,,,,,,,34.26,126476458
Japan,2020/08/01,37804,1570,1012,4,298.901,9.172,8.001,0.018,1.4,,,,,,,34.26,126476458
Japan,2020/08/02,39116,1312,1013,1,309.275,9.678,8.009,0.017,1.36,,,,,,,34.26,126476458
Japan,2020/08/03,40099,983,1018,5,317.047,10.117,8.049,0.023,1.32,,,,,,,34.26,126476458
Japan,2020/08/04,41347,1248,1023,5,326.915,10.427,8.088,0.025,1.26,,,,,,,34.26,126476458
Japan,2020/08/05,42686,1339,1028,5,337.502,10.509,8.128,0.03,1.21,,,,,,,34.26,126476458
Japan,2020/08/06,44167,1481,1034,6,349.211,10.192,8.175,0.03,1.17,,,,,,,32.41,126476458
Japan,2020/08/07,45764,1597,1042,8,361.838,10.764,8.239,0.038,1.15,,,,,,,32.41,126476458
Japan,2020/08/08,47342,1578,1042,0,374.315,10.773,8.239,0.034,1.11,,,,,,,32.41,126476458
Japan,2020/08/09,48782,1440,1047,5,385.7,10.918,8.278,0.038,1.07,,,,,,,32.41,126476458
Japan,2020/08/10,49617,835,1052,5,392.302,10.751,8.318,0.038,1.01,,,,,,,32.41,126476458
Japan,2020/08/11,50302,685,1058,6,397.718,10.115,8.365,0.04,0.94,,,,,,,32.41,126476458
Japan,2020/08/12,51288,986,1066,8,405.514,9.716,8.428,0.043,0.91,,,,,,,32.41,126476458
Japan,2020/08/13,52471,1183,1073,7,414.868,9.379,8.484,0.044,0.91,,,,,,,32.41,126476458
Japan,2020/08/14,53818,1347,1080,7,425.518,9.097,8.539,0.043,0.93,,,,,,,32.41,126476458
Japan,2020/08/15,55051,1233,1093,13,435.267,8.707,8.642,0.058,0.93,,,,,,,32.41,126476458
Japan,2020/08/16,56074,1023,1103,10,443.355,8.236,8.721,0.063,0.93,,,,,,,32.41,126476458
Japan,2020/08/17,56717,643,1112,9,448.439,8.02,8.792,0.068,0.92,,,,,,,32.41,126476458
Japan,2020/08/18,57636,919,1135,23,455.705,8.284,8.974,0.087,0.92,,,,,,,32.41,126476458
Japan,2020/08/19,58728,1092,1148,13,464.339,8.404,9.077,0.093,0.9,,,,,,,32.41,126476458
Japan,2020/08/20,59900,1172,1157,9,473.606,8.391,9.148,0.095,0.88,,,,,,,32.41,126476458
Japan,2020/08/21,60949,1049,1175,18,481.9,8.055,9.29,0.107,0.86,,,,,,,32.41,126476458
Japan,2020/08/22,61916,967,1179,4,489.546,7.754,9.322,0.097,0.84,,,,,,,32.41,126476458
Japan,2020/08/23,62658,742,1188,9,495.412,7.437,9.393,0.096,0.84,,,,,,,32.41,126476458
Japan,2020/08/24,63158,500,1201,13,499.366,7.275,9.496,0.101,0.84,,,,,,,32.41,126476458
Japan,2020/08/25,63888,730,1219,18,505.137,7.062,9.638,0.095,0.84,,,,,,,32.41,126476458
Japan,2020/08/26,64779,891,1230,11,512.182,6.835,9.725,0.093,0.84,,,,,,,32.41,126476458
Japan,2020/08/27,65653,874,1241,11,519.093,6.498,9.812,0.095,0.82,,,,,,,32.41,126476458
Japan,2020/08/28,66499,846,1251,10,525.782,6.269,9.891,0.086,0.81,,,,,,,32.41,126476458
Japan,2020/08/29,67353,854,1271,20,532.534,6.141,10.049,0.104,0.81,,,,,,,32.41,126476458
Japan,2020/08/30,67958,605,1285,14,537.317,5.986,10.16,0.11,0.81,,,,,,,32.41,126476458
Japan,2020/08/31,68396,438,1298,13,540.78,5.916,10.263,0.11,0.81,,,,,,,32.41,126476458
Japan,2020/09/01,69023,627,1313,15,545.738,5.8,10.381,0.106,0.79,,,,,,,32.41,126476458
Japan,2020/09/02,69619,596,1327,14,550.45,5.467,10.492,0.11,0.77,,,,,,,32.41,126476458
Japan,2020/09/03,70278,659,1334,7,555.661,5.224,10.547,0.105,0.76,,,,,,,32.41,126476458
Japan,2020/09/04,70866,588,1352,18,560.31,4.933,10.69,0.114,0.75,,,,,,,32.41,126476458
Japan,2020/09/05,71467,601,1361,9,565.062,4.647,10.761,0.102,0.76,,,,,,,32.41,126476458
Japan,2020/09/06,71918,451,1366,5,568.628,4.473,10.8,0.091,0.79,,,,,,,32.41,126476458
Japan,2020/09/07,72213,295,1377,11,570.96,4.311,10.887,0.089,0.82,,,,,,,32.41,126476458
Japan,2020/09/08,72724,511,1398,21,575,4.18,11.053,0.096,0.84,,,,,,,32.41,126476458
Japan,2020/09/09,73264,540,1412,14,579.27,4.117,11.164,0.096,0.86,,,,,,,32.41,126476458
Japan,2020/09/10,73916,652,1416,4,584.425,4.109,11.196,0.093,0.88,,,,,,,35.19,126476458
Japan,2020/09/11,74558,642,1428,12,589.501,4.17,11.291,0.086,0.89,,,,,,,35.19,126476458
Japan,2020/09/12,75206,648,1441,13,594.624,4.223,11.393,0.09,0.89,,,,,,,35.19,126476458
Japan,2020/09/13,75646,440,1448,7,598.103,4.211,11.449,0.093,0.89,,,,,,,35.19,126476458
Japan,2020/09/14,75914,268,1455,7,600.222,4.18,11.504,0.088,0.9,,,,,,,35.19,126476458
Japan,2020/09/15,76446,532,1463,8,604.429,4.204,11.567,0.073,0.91,,,,,,,35.19,126476458
Japan,2020/09/16,76997,551,1481,18,608.785,4.216,11.71,0.078,0.91,,,,,,,35.19,126476458
Japan,2020/09/17,77488,491,1490,9,612.667,4.035,11.781,0.084,0.89,,,,,,,35.19,126476458
Japan,2020/09/18,78061,573,1500,10,617.198,3.957,11.86,0.081,0.89,,,,,,,35.19,126476458
Japan,2020/09/19,78662,601,1504,4,621.95,3.904,11.892,0.071,0.9,,,,,,,35.19,126476458
Japan,2020/09/20,79142,480,1508,4,625.745,3.949,11.923,0.068,0.9,,,,,,,35.19,126476458
Japan,2020/09/21,79462,320,1518,10,628.275,4.008,12.002,0.071,0.89,,,,,,,35.19,126476458
Japan,2020/09/22,79773,311,1519,1,630.734,3.758,12.01,0.063,0.85,,,,,,,35.19,126476458
Japan,2020/09/23,80009,236,1525,6,632.6,3.402,12.058,0.05,0.85,,,,,,,35.19,126476458
Japan,2020/09/24,80490,481,1540,15,636.403,3.391,12.176,0.056,0.91,,,,,,,29.63,126476458
Japan,2020/09/25,81054,564,1544,4,640.862,3.381,12.208,0.05,0.98,,,,,,,29.63,126476458
Japan,2020/09/26,81703,649,1547,3,645.994,3.435,12.232,0.049,1.03,,,,,,,29.63,126476458
Japan,2020/09/27,82186,483,1549,2,649.813,3.438,12.247,0.046,1.05,,,,,,,29.63,126476458
Japan,2020/09/28,82484,298,1561,12,652.169,3.413,12.342,0.049,1.06,,,,,,,29.63,126476458
Japan,2020/09/29,83022,538,1568,7,656.423,3.67,12.398,0.055,1.07,,,,,,,29.63,126476458
Japan,2020/09/30,83591,569,1575,7,660.921,4.046,12.453,0.056,1.07,,,,,,,29.63,126476458
Japan,2020/10/01,84244,653,1580,5,666.084,4.24,12.492,0.045,1.04,,,,,,,29.63,126476458
Japan,2020/10/02,84768,524,1591,11,670.227,4.195,12.579,0.053,1.01,,,,,,,29.63,126476458
Japan,2020/10/03,85345,577,1594,3,674.79,4.114,12.603,0.053,1,,,,,,,29.63,126476458
Japan,2020/10/04,85746,401,1598,4,677.96,4.021,12.635,0.055,1,,,,,,,29.63,126476458
Japan,2020/10/05,86027,281,1602,4,680.182,4.002,12.666,0.046,1.01,,,,,,,29.63,126476458
Japan,2020/10/06,86540,513,1609,7,684.238,3.974,12.722,0.046,1.03,,,,,,,29.63,126476458
Japan,2020/10/07,87039,499,1614,5,688.183,3.895,12.761,0.044,1.03,,,,,,,29.63,126476458
Japan,2020/10/08,87679,640,1617,3,693.244,3.88,12.785,0.042,1.04,,,,,,,29.63,126476458
Japan,2020/10/09,88267,588,1623,6,697.893,3.952,12.832,0.036,1.04,,,,,,,29.63,126476458
Japan,2020/10/10,88962,695,1626,3,703.388,4.085,12.856,0.036,1.04,,,,,,,29.63,126476458
Japan,2020/10/11,89400,438,1628,2,706.851,4.127,12.872,0.034,1.03,,,,,,,29.63,126476458
Japan,2020/10/12,89652,252,1631,3,708.843,4.094,12.896,0.033,1.03,,,,,,,29.63,126476458
Japan,2020/10/13,90153,501,1635,4,712.805,4.081,12.927,0.029,1.04,,,,,,,35.19,126476458
Japan,2020/10/14,90694,541,1646,11,717.082,4.128,13.014,0.036,1.05,,,,,,,35.19,126476458
Japan,2020/10/15,91402,708,1650,4,722.68,4.205,13.046,0.037,1.06,,,,,,,35.19,126476458
Japan,2020/10/16,92044,642,1664,14,727.756,4.266,13.157,0.046,1.04,,,,,,,35.19,126476458
Japan,2020/10/17,92670,626,1670,6,732.706,4.188,13.204,0.05,1.03,,,,,,,35.19,126476458
Japan,2020/10/18,93098,428,1672,2,736.09,4.177,13.22,0.05,1.03,,,,,,,35.19,126476458
Japan,2020/10/19,93408,310,1676,4,738.541,4.242,13.251,0.051,1.04,,,,,,,35.19,126476458
Japan,2020/10/20,93895,487,1679,3,742.391,4.227,13.275,0.05,1.05,,,,,,,35.19,126476458
Japan,2020/10/21,94515,620,1686,7,747.293,4.316,13.331,0.045,1.07,,,,,,,35.19,126476458
Japan,2020/10/22,95134,619,1697,11,752.187,4.215,13.418,0.053,1.08,,,,,,,35.19,126476458
Japan,2020/10/23,95868,734,1706,9,757.991,4.319,13.489,0.047,1.1,,,,,,,35.19,126476458
Japan,2020/10/24,96599,731,1710,4,763.771,4.438,13.52,0.045,1.11,,,,,,,35.19,126476458
Japan,2020/10/25,97095,496,1716,6,767.692,4.515,13.568,0.05,1.12,,,,,,,35.19,126476458
Japan,2020/10/26,97503,408,1721,5,770.918,4.625,13.607,0.051,1.13,,,,,,,35.19,126476458
Japan,2020/10/27,98146,643,1726,5,776.002,4.802,13.647,0.053,1.15,,,,,,,35.19,126476458
Japan,2020/10/28,98877,731,1731,5,781.782,4.927,13.686,0.051,1.16,,,,,,,35.19,126476458
Japan,2020/10/29,99674,797,1748,17,788.083,5.128,13.821,0.058,1.15,,,,,,,35.19,126476458
Japan,2020/10/30,100450,776,1756,8,794.219,5.175,13.884,0.056,1.15,,,,,,,35.19,126476458
Japan,2020/10/31,101327,877,1769,13,801.153,5.34,13.987,0.067,1.17,,,,,,,35.19,126476458
Japan,2020/11/01,101943,616,1776,7,806.024,5.476,14.042,0.068,1.18,,,,,,,35.19,126476458
Japan,2020/11/02,102431,488,1787,11,809.882,5.566,14.129,0.075,1.2,,,,,,,35.19,126476458
Japan,2020/11/03,103309,878,1794,7,816.824,5.832,14.184,0.077,1.22,,,,,,,35.19,126476458
Japan,2020/11/04,103928,619,1799,5,821.718,5.705,14.224,0.077,1.22,,,,,,,35.19,126476458
Japan,2020/11/05,104964,1036,1806,7,829.909,5.975,14.279,0.066,1.28,,,,,,,35.19,126476458
Japan,2020/11/06,106136,1172,1810,4,839.176,6.422,14.311,0.061,1.33,,,,,,,35.19,126476458
Japan,2020/11/07,107439,1303,1815,5,849.478,6.904,14.35,0.052,1.36,,,,,,,37.04,126476458
Japan,2020/11/08,108394,955,1821,6,857.029,7.287,14.398,0.051,1.37,,,,,,,37.04,126476458
Japan,2020/11/09,109191,797,1834,13,863.331,7.636,14.501,0.053,1.39,,,,,,,37.04,126476458
Japan,2020/11/10,110487,1296,1840,6,873.578,8.108,14.548,0.052,1.41,,,,,,,37.04,126476458
Japan,2020/11/11,112011,1524,1847,7,885.627,9.13,14.604,0.054,1.42,,,,,,,37.04,126476458
Japan,2020/11/12,113655,1644,1854,7,898.626,9.817,14.659,0.054,1.4,,,,,,,37.04,126476458
Japan,2020/11/13,115360,1705,1864,10,912.107,10.419,14.738,0.061,1.38,,,,,,,37.04,126476458
Japan,2020/11/14,117113,1753,1865,1,925.967,10.927,14.746,0.056,1.36,,,,,,,37.04,126476458
Japan,2020/11/15,118611,1498,1874,9,937.811,11.54,14.817,0.06,1.36,,,,,,,37.04,126476458
Japan,2020/11/16,119557,946,1883,9,945.291,11.709,14.888,0.055,1.35,,,,,,,37.04,126476458
Japan,2020/11/17,121247,1690,1895,12,958.653,12.154,14.983,0.062,1.37,,,,,,,37.04,126476458
Japan,2020/11/18,123477,2230,1908,13,976.284,12.951,15.086,0.069,1.38,,,,,,,37.04,126476458
Japan,2020/11/19,125859,2382,1920,12,995.118,13.785,15.181,0.075,1.36,,,,,,,37.04,126476458
Japan,2020/11/20,128285,2426,1930,10,1014.299,14.599,15.26,0.075,1.34,,,,,,,37.04,126476458
Japan,2020/11/21,130871,2586,1932,2,1034.746,15.54,15.276,0.076,1.3,,,,,,,37.04,126476458
Japan,2020/11/22,133034,2163,1943,11,1051.848,16.291,15.363,0.078,1.26,,,,,,,37.04,126476458
Japan,2020/11/23,134554,1520,1949,6,1063.866,16.939,15.41,0.075,1.2,,,,,,,37.04,126476458
Japan,2020/11/24,135786,1232,1963,14,1073.607,16.422,15.521,0.077,1.13,,,,,,,37.04,126476458
Japan,2020/11/25,137735,1949,1983,20,1089.017,16.105,15.679,0.085,1.12,,,,,,,37.04,126476458
Japan,2020/11/26,140225,2490,1996,13,1108.704,16.227,15.782,0.086,1.14,,,,,,,37.04,126476458
Japan,2020/11/27,142778,2553,2028,32,1128.89,16.37,16.035,0.111,1.15,,,,,,,37.04,126476458
Japan,2020/11/28,145457,2679,2042,14,1150.072,16.475,16.145,0.124,1.15,,,,,,,37.04,126476458
Japan,2020/11/29,147515,2058,2057,15,1166.344,16.357,16.264,0.129,1.13,,,,,,,37.04,126476458
Japan,2020/11/30,148962,1447,2076,19,1177.784,16.274,16.414,0.143,1.12,,,,,,,37.04,126476458
Japan,2020/12/01,150976,2014,2109,33,1193.708,17.157,16.675,0.165,1.1,,,,,,,42.59,126476458
Japan,2020/12/02,153432,2456,2141,32,1213.127,17.73,16.928,0.178,1.08,,,,,,,42.59,126476458
Japan,2020/12/03,155938,2506,2174,33,1232.941,17.748,17.189,0.201,1.07,,,,,,,42.59,126476458
Japan,2020/12/04,158387,2449,2210,36,1252.304,17.631,17.474,0.206,1.06,,,,,,,42.59,126476458
Japan,2020/12/05,160870,2483,2229,19,1271.936,17.409,17.624,0.211,1.07,,,,,,,42.59,126476458
Japan,2020/12/06,162917,2047,2259,30,1288.121,17.397,17.861,0.228,1.08,,,,,,,42.59,126476458
Japan,2020/12/07,164434,1517,2299,40,1300.115,17.476,18.177,0.252,1.1,,,,,,,42.59,126476458
Japan,2020/12/08,166592,2158,2334,35,1317.178,17.639,18.454,0.254,1.11,,,,,,,48.15,126476458
Japan,2020/12/09,169429,2837,2376,42,1339.609,18.069,18.786,0.265,1.12,,,,,,,48.15,126476458
Japan,2020/12/10,172406,2977,2395,19,1363.147,18.601,18.936,0.25,1.12,,,,,,,48.15,126476458
Japan,2020/12/11,175310,2904,2446,51,1386.108,19.115,19.34,0.267,1.11,,,,,,,48.15,126476458
Japan,2020/12/12,178272,2962,2462,16,1409.527,19.656,19.466,0.263,1.11,,,,,,,48.15,126476458
Japan,2020/12/13,180639,2367,2481,19,1428.242,20.017,19.616,0.251,1.11,,,,,,,48.15,126476458
Japan,2020/12/14,182311,1672,2530,49,1441.462,20.192,20.004,0.261,1.1,,,,,,,48.15,126476458
Japan,2020/12/15,184752,2441,2581,51,1460.762,20.512,20.407,0.279,1.1,,,,,,,48.15,126476458
Japan,2020/12/16,187751,2999,2623,42,1484.474,20.695,20.739,0.279,1.09,,,,,,,48.15,126476458
Japan,2020/12/17,190950,3199,2661,38,1509.767,20.946,21.039,0.3,1.08,,,,,,,48.15,126476458
Japan,2020/12/18,193753,2803,2709,48,1531.929,20.832,21.419,0.297,1.07,,,,,,,48.15,126476458
Japan,2020/12/19,196815,3062,2749,40,1556.139,20.945,21.735,0.324,1.08,,,,,,,48.15,126476458
Japan,2020/12/20,199270,2455,2784,35,1575.55,21.044,22.012,0.342,1.09,,,,,,,48.15,126476458
Japan,2020/12/21,201074,1804,2833,49,1589.814,21.193,22.399,0.342,1.1,,,,,,,48.15,126476458
Japan,2020/12/22,203732,2658,2877,44,1610.829,21.438,22.747,0.334,1.12,,,,,,,48.15,126476458
Japan,2020/12/23,207007,3275,2941,64,1636.724,21.75,23.253,0.359,1.14,,,,,,,48.15,126476458
Japan,2020/12/24,210769,3762,2967,26,1666.468,22.386,23.459,0.346,1.16,,,,,,,48.15,126476458
Japan,2020/12/25,214575,3806,3016,49,1696.561,23.519,23.846,0.347,1.17,,,,,,,48.15,126476458
Japan,2020/12/26,218467,3892,3062,46,1727.333,24.456,24.21,0.354,1.17,,,,,,,48.15,126476458
Japan,2020/12/27,221412,2945,3100,38,1750.618,25.01,24.51,0.357,1.17,,,,,,,48.15,126476458
Japan,2020/12/28,223786,2374,3152,52,1769.389,25.654,24.922,0.36,1.16,,,,,,,48.15,126476458
Japan,2020/12/29,227415,3629,3196,44,1798.082,26.75,25.27,0.36,1.16,,,,,,,48.15,126476458
Japan,2020/12/30,231271,3856,3243,47,1828.57,27.407,25.641,0.341,1.15,,,,,,,48.15,126476458
Japan,2020/12/31,235811,4540,3292,49,1864.466,28.285,26.029,0.367,1.13,,,,,,,48.15,126476458
Japan,2021/01/01,239068,3257,3540,248,1890.217,27.665,27.989,0.592,1.12,,,,,,,48.15,126476458
Japan,2021/01/02,242097,3029,3571,31,1914.167,26.69,28.235,0.575,1.14,,,,,,,48.15,126476458
Japan,2021/01/03,245293,3196,3631,60,1939.436,26.974,28.709,0.6,1.21,,,,,,,48.15,126476458
Japan,2021/01/04,248625,3332,3679,48,1965.781,28.056,29.088,0.595,1.3,,,,,,,48.15,126476458
Japan,2021/01/05,253571,4946,3755,76,2004.887,29.544,29.689,0.631,1.38,,,,,,,49.54,126476458
Japan,2021/01/06,259521,5950,3820,65,2051.931,31.909,30.203,0.652,1.43,,,,,,,49.54,126476458
Japan,2021/01/07,267084,7563,3884,64,2111.729,35.323,30.709,0.669,1.46,,,,,,,49.54,126476458
Japan,2021/01/08,274947,7863,3962,78,2173.899,40.526,31.326,0.477,1.44,,,,,,,49.54,126476458
Japan,2021/01/09,282737,7790,4021,59,2235.491,45.904,31.792,0.508,1.39,,,,,,,49.54,126476458
Japan,2021/01/10,288818,6081,4066,45,2283.571,49.162,32.148,0.491,1.31,,,,,,,49.54,126476458
Japan,2021/01/11,293746,4928,4114,48,2322.535,50.965,32.528,0.491,1.23,,,,,,,49.54,126476458
Japan,2021/01/12,298321,4575,4178,64,2358.708,50.546,33.034,0.478,1.15,,,,,,,49.54,126476458
Japan,2021/01/13,304140,5819,4275,97,2404.716,50.398,33.801,0.514,1.12,,,,,,,49.54,126476458
Japan,2021/01/14,310734,6594,4341,66,2456.852,49.303,34.323,0.516,1.11,,,,,,,49.54,126476458
Japan,2021/01/15,317871,7137,4419,78,2513.282,48.483,34.939,0.516,1.1,,,,,,,49.54,126476458
Japan,2021/01/16,324942,7071,4475,56,2569.19,47.671,35.382,0.513,1.09,,,,,,,49.54,126476458
Japan,2021/01/17,330715,5773,4524,49,2614.834,47.323,35.77,0.517,1.06,,,,,,,49.54,126476458
Japan,2021/01/18,335605,4890,4582,58,2653.498,47.28,36.228,0.529,1.03,,,,,,,49.54,126476458
Japan,2021/01/19,340989,5384,4686,104,2696.067,48.194,37.05,0.574,0.98,,,,,,,49.54,126476458
Japan,2021/01/20,346508,5519,4778,92,2739.704,47.855,37.778,0.568,0.92,,,,,,,49.54,126476458
Japan,2021/01/21,352129,5621,4872,94,2784.147,46.756,38.521,0.6,0.88,,,,,,,49.54,126476458
Japan,2021/01/22,357174,5045,4980,108,2824.035,44.393,39.375,0.634,0.85,,,,,,,49.54,126476458
Japan,2021/01/23,361928,4754,5063,83,2861.623,41.776,40.031,0.664,0.83,,,,,,,49.54,126476458
Japan,2021/01/24,365899,3971,5119,56,2893.021,39.741,40.474,0.672,0.82,,,,,,,49.54,126476458
Japan,2021/01/25,368684,2785,5193,74,2915.041,37.363,41.059,0.69,0.8,,,,,,,49.54,126476458
Japan,2021/01/26,372545,3861,5297,104,2945.568,35.643,41.881,0.69,0.78,,,,,,,49.54,126476458
Japan,2021/01/27,376482,3937,5387,90,2976.696,33.856,42.593,0.688,0.76,,,,,,,49.54,126476458
Japan,2021/01/28,380644,4162,5500,113,3009.604,32.208,43.486,0.709,0.74,,,,,,,49.54,126476458
Japan,2021/01/29,384180,3536,5597,97,3037.561,30.504,44.253,0.697,0.72,,,,,,,49.54,126476458
Japan,2021/01/30,387499,3319,5688,91,3063.803,28.883,44.973,0.706,0.71,,,,,,,49.54,126476458
Japan,2021/01/31,390166,2667,5753,65,3084.89,27.41,45.487,0.716,0.7,,,,,,,49.54,126476458
Japan,2021/02/01,391956,1790,5833,80,3099.043,26.286,46.119,0.723,0.69,,,,,,,49.54,126476458
Japan,2021/02/02,394269,2313,5952,119,3117.331,24.538,47.06,0.74,0.68,,,,,,,49.54,126476458
Japan,2021/02/03,396900,2631,6068,116,3138.133,23.062,47.977,0.769,0.66,,,,,,,49.54,126476458
Japan,2021/02/04,399492,2592,6172,104,3158.627,21.289,48.8,0.759,0.66,,,,,,,49.54,126476458
Japan,2021/02/05,401858,2366,6278,106,3177.334,19.968,49.638,0.769,0.65,,,,,,,49.54,126476458
Japan,2021/02/06,404128,2270,6372,94,3195.282,18.783,50.381,0.773,0.66,,,,,,,49.54,126476458
Japan,2021/02/07,405765,1637,6424,52,3208.226,17.619,50.792,0.758,0.65,,,,,,,49.54,126476458
Japan,2021/02/08,406992,1227,6507,83,3217.927,16.983,51.448,0.761,0.65,,,,,,,49.54,126476458
Japan,2021/02/09,408550,1558,6602,95,3230.245,16.131,52.199,0.734,0.64,,,,,,,49.54,126476458
Japan,2021/02/10,410434,1884,6723,121,3245.141,15.287,53.156,0.74,0.64,,,,,,,49.54,126476458
Japan,2021/02/11,412125,1691,6800,77,3258.512,14.269,53.765,0.709,0.63,,,,,,,49.54,126476458
Japan,2021/02/12,413441,1316,6863,63,3268.917,13.083,54.263,0.661,0.63,,,,,,,49.54,126476458
Japan,2021/02/13,414803,1362,6928,65,3279.685,12.058,54.777,0.628,0.66,,,,,,,49.54,126476458
Japan,2021/02/14,416154,1351,6966,38,3290.367,11.735,55.077,0.612,0.69,,,,,,,49.54,126476458
Japan,2021/02/15,417127,973,7038,72,3298.06,11.448,55.647,0.6,0.71,,,,,,,49.54,126476458
Japan,2021/02/16,418435,1308,7139,101,3308.402,11.165,56.445,0.607,0.72,,,,,,,49.54,126476458
Japan,2021/02/17,419896,1461,7218,79,3319.954,10.687,57.07,0.559,0.73,125,,0,0,,,49.54,126476458
Japan,2021/02/18,421421,1525,7294,76,3332.011,10.5,57.671,0.558,0.73,611,486,0,0,,4,49.54,126476458
Japan,2021/02/19,422718,1297,7360,66,3342.266,10.479,58.193,0.561,0.74,5039,4428,0,0,,19,49.54,126476458
Japan,2021/02/20,423952,1234,7438,78,3352.023,10.334,58.809,0.576,0.74,,,,,,19,49.54,126476458
Japan,2021/02/21,424988,1036,7485,47,3360.214,9.978,59.181,0.586,0.74,,,,,,19,49.54,126476458
Japan,2021/02/22,425725,737,7541,56,3366.041,9.712,59.624,0.568,0.75,11934,,0.01,0.01,,19,49.54,126476458
Japan,2021/02/23,426828,1103,7595,54,3374.762,9.48,60.051,0.515,0.75,,,,,,19,49.54,126476458
Japan,2021/02/24,427732,904,7664,69,3381.91,8.851,60.596,0.504,0.74,17888,,0.01,0.01,,20,49.54,126476458
Japan,2021/02/25,428816,1084,7738,74,3390.481,8.353,61.181,0.502,0.77,21896,4008,0.02,0.02,,24,49.54,126476458
Japan,2021/02/26,429873,1057,7818,80,3398.838,8.082,61.814,0.517,0.8,28530,6634,0.02,0.02,,27,49.54,126476458
Japan,2021/02/27,431093,1220,7859,41,3408.484,8.066,62.138,0.476,0.85,,,,,,25,50.93,126476458
Japan,2021/02/28,432090,997,7889,30,3416.367,8.022,62.375,0.456,0.86,,,,,,24,50.93,126476458
Japan,2021/03/01,432778,688,7940,51,3421.807,7.966,62.778,0.451,0.88,31785,,0.03,0.03,,22,48.15,126476458
Japan,2021/03/02,433700,922,8005,65,3429.097,7.762,63.292,0.463,0.89,34772,2987,0.03,0.03,,22,48.15,126476458
Japan,2021/03/03,434944,1244,8068,63,3438.932,8.146,63.791,0.456,0.91,37303,2531,0.03,0.03,,22,48.15,126476458
Japan,2021/03/04,436093,1149,8135,67,3448.017,8.219,64.32,0.448,0.91,39174,1871,0.03,0.03,,20,48.15,126476458
Japan,2021/03/05,437222,1129,8190,55,3456.944,8.301,64.755,0.42,0.93,46469,7295,0.04,0.04,,20,48.15,126476458
Japan,2021/03/06,437634,412,8196,6,3460.201,7.388,64.803,0.381,0.94,,,,,,28,45.37,126476458
Japan,2021/03/07,439356,1722,8255,59,3473.816,8.207,65.269,0.413,1.04,,,,,,36,45.37,126476458
Japan,2021/03/08,439977,621,8301,46,3478.726,8.131,65.633,0.408,1.04,70796,,0.06,0.06,,44,45.37,126476458
Japan,2021/03/09,441152,1175,8359,58,3488.017,8.417,66.091,0.4,1.05,107558,36762,0.09,0.09,,82,45.37,126476458
Japan,2021/03/10,442411,1259,8412,53,3497.971,8.434,66.51,0.389,1.04,148950,41392,0.12,0.12,0,126,45.37,126476458
Japan,2021/03/11,443714,1303,8457,45,3508.273,8.608,66.866,0.364,1.05,181184,32234,0.14,0.14,0,160,45.37,126476458
Japan,2021/03/12,444977,1263,8515,58,3518.26,8.759,67.325,0.367,1.05,230542,49358,0.18,0.18,0,208,45.37,126476458
Japan,2021/03/13,446312,1335,8566,51,3528.815,9.802,67.728,0.418,1.06,,,,,,221,42.59,126476458
Japan,2021/03/14,447287,975,8587,21,3536.524,8.958,67.894,0.375,1.04,,,,,,235,42.59,126476458
Japan,2021/03/15,448000,713,8625,38,3542.161,9.062,68.195,0.366,1.06,290275,,0.23,0.22,0.01,248,42.59,126476458
Japan,2021/03/16,449142,1142,8682,57,3551.191,9.025,68.645,0.365,1.08,359191,68916,0.28,0.28,0.01,284,42.59,126476458
Japan,2021/03/17,450687,1545,8718,36,3563.406,9.348,68.93,0.346,1.11,437485,78294,0.35,0.33,0.01,326,42.59,126476458
Japan,2021/03/18,452147,1460,8750,32,3574.95,9.525,69.183,0.331,1.12,508702,71217,0.4,0.39,0.01,370,42.59,126476458
Japan,2021/03/19,453616,1469,8783,33,3586.565,9.758,69.444,0.303,1.13,578835,70133,0.46,0.44,0.02,393,42.59,126476458
Japan,2021/03/20,455212,1596,8802,19,3599.184,10.053,69.594,0.267,1.14,,,,,,399,42.59,126476458
Japan,2021/03/21,456318,1106,8821,19,3607.928,10.201,69.744,0.264,1.14,,,,,,404,42.59,126476458
Japan,2021/03/22,457104,786,8857,36,3614.143,10.283,70.029,0.262,1.17,652698,,0.52,0.49,0.02,409,42.59,126476458
Japan,2021/03/23,458621,1517,8908,51,3626.137,10.707,70.432,0.255,1.21,699126,46428,0.55,0.53,0.03,384,42.59,126476458
Japan,2021/03/24,460595,1974,8929,21,3641.745,11.191,70.598,0.238,1.24,741180,42054,0.59,0.56,0.03,343,42.59,126476458
Japan,2021/03/25,462506,1911,8956,27,3656.854,11.701,70.812,0.233,1.26,775122,33942,0.61,0.58,0.03,301,42.59,126476458
Japan,2021/03/26,464483,1977,8989,33,3672.486,12.274,71.073,0.233,1.27,822869,47747,0.65,0.62,0.03,276,42.59,126476458
Japan,2021/03/27,466563,2080,9021,32,3688.932,12.821,71.326,0.247,1.28,,,,,,273,42.59,126476458
Japan,2021/03/28,468346,1783,9050,29,3703.029,13.586,71.555,0.259,1.28,,,,,,271,42.59,126476458
Japan,2021/03/29,469636,1290,9079,29,3713.229,14.155,71.784,0.251,1.3,890662,,0.7,0.65,0.05,269,42.59,126476458
Japan,2021/03/30,471777,2141,9112,33,3730.157,14.86,72.045,0.23,1.31,949731,59069,0.75,0.67,0.08,283,42.59,126476458
Japan,2021/03/31,474641,2864,9155,43,3752.801,15.865,72.385,0.255,1.32,1002739,53008,0.79,0.69,0.1,295,42.59,126476458
Japan,2021/04/01,477239,2598,9173,18,3773.343,16.641,72.527,0.245,1.31,1050112,47373,0.83,0.71,0.12,311,42.59,126476458
Japan,2021/04/02,479953,2714,9191,18,3794.801,17.474,72.67,0.228,1.3,1096698,46586,0.87,0.72,0.14,309,42.59,126476458
Japan,2021/04/03,482704,2751,9198,7,3816.552,18.232,72.725,0.2,1.29,,,,,,321,42.59,126476458
Japan,2021/04/04,485226,2522,9210,12,3836.493,19.066,72.82,0.181,1.28,,,,,,334,42.59,126476458
Japan,2021/04/05,486792,1566,9229,19,3848.874,19.378,72.97,0.169,1.27,1196884,,0.95,0.76,0.19,346,42.59,126476458
Japan,2021/04/06,489407,2615,9251,22,3869.55,19.913,73.144,0.157,1.27,1288566,91682,1.02,0.79,0.23,383,42.59,126476458
Japan,2021/04/07,492860,3453,9286,35,3896.852,20.579,73.421,0.148,1.28,1393108,104542,1.1,0.82,0.28,441,42.59,126476458
Japan,2021/04/08,496351,3491,9311,25,3924.454,21.587,73.618,0.156,1.28,1487606,94498,1.18,0.84,0.33,494,42.59,126476458
Japan,2021/04/09,499831,3480,9325,14,3951.969,22.453,73.729,0.151,1.28,1592517,104911,1.26,0.87,0.39,560,45.37,126476458
Japan,2021/04/10,503537,3706,9352,27,3981.271,23.531,73.943,0.174,1.27,,,,,,561,45.37,126476458
Japan,2021/04/11,506237,2700,9369,17,4002.618,23.732,74.077,0.18,1.26,,,,,,561,45.37,126476458
Japan,2021/04/12,508350,2113,9393,24,4019.325,24.35,74.267,0.185,1.28,1694269,,1.34,0.9,0.44,562,45.37,126476458
Japan,2021/04/13,511799,3449,9422,29,4046.595,25.292,74.496,0.193,1.3,1752486,58217,1.39,0.91,0.48,524,45.37,126476458
Japan,2021/04/14,517281,5482,9471,49,4089.939,27.584,74.884,0.209,1.33,1808352,55866,1.43,0.92,0.51,469,45.37,126476458
Japan,2021/04/15,521796,4515,9506,35,4125.637,28.741,75.16,0.22,1.31,1869841,61489,1.48,0.94,0.54,432,45.37,126476458
Japan,2021/04/16,526307,4511,9552,46,4161.304,29.905,75.524,0.256,1.28,1949974,80133,1.54,0.97,0.57,404,45.37,126476458
Japan,2021/04/17,531109,4802,9593,41,4199.272,31.143,75.848,0.272,1.26,1957544,7570,1.55,0.98,0.57,374,45.37,126476458
Japan,2021/04/18,535220,4111,9610,17,4231.776,32.737,75.983,0.272,1.24,1965860,8316,1.55,0.99,0.57,345,45.37,126476458
Japan,2021/04/19,537494,2274,9629,19,4249.755,32.919,76.133,0.267,1.22,2115348,149488,1.67,1.06,0.61,476,45.37,126476458
Japan,2021/04/20,542467,4973,9682,53,4289.075,34.64,76.552,0.294,1.23,2288771,173423,1.81,1.18,0.63,606,45.37,126476458
Japan,2021/04/21,547836,5369,9737,55,4331.525,34.512,76.987,0.3,1.22,2497409,208638,1.97,1.32,0.65,778,45.37,126476458
Japan,2021/04/22,553362,5526,9778,41,4375.217,35.654,77.311,0.307,1.2,2701641,204232,2.14,1.46,0.67,940,45.37,126476458
Japan,2021/04/23,558376,5014,9834,56,4414.861,36.222,77.754,0.319,1.18,2929828,228187,2.32,1.62,0.69,1107,45.37,126476458
Japan,2021/04/24,563998,5622,9890,56,4459.312,37.149,78.196,0.335,1.16,2961931,32103,2.34,1.65,0.69,1134,45.37,126476458
Japan,2021/04/25,568621,4623,9939,49,4495.864,37.727,78.584,0.372,1.14,2983759,21828,2.36,1.66,0.69,1150,49.07,126476458
Japan,2021/04/26,571904,3283,9968,29,4521.822,38.867,78.813,0.383,1.13,3302242,318483,2.61,1.88,0.73,1341,49.07,126476458
Japan,2021/04/27,576870,4966,10031,63,4561.086,38.859,79.311,0.394,1.12,3578987,276745,2.83,2.08,0.75,1457,49.07,126476458
Japan,2021/04/28,580666,3796,10052,21,4591.099,37.082,79.477,0.356,1.11,3896564,317577,3.08,2.29,0.79,1580,49.07,126476458
Japan,2021/04/29,588580,7914,10160,108,4653.672,39.779,80.331,0.431,1.15,3914827,18263,3.1,2.31,0.79,1370,49.07,126476458
Japan,2021/04/30,593264,4684,10199,39,4690.707,39.407,80.64,0.412,1.12,4249880,335053,3.36,2.54,0.82,1491,49.07,126476458
Japan,2021/05/01,599253,5989,10281,82,4738.06,39.821,81.288,0.442,1.11,4286277,36397,3.39,2.56,0.82,1496,49.07,126476458
Japan,2021/05/02,605150,5897,10342,61,4784.685,41.26,81.77,0.455,1.11,4309112,22835,3.41,2.58,0.82,1497,49.07,126476458
Japan,2021/05/03,609625,4475,10391,49,4820.067,42.606,82.158,0.478,1.08,4317054,7942,3.41,2.59,0.83,1146,49.07,126476458
Japan,2021/05/04,613822,4197,10441,50,4853.251,41.738,82.553,0.463,1.03,4325855,8801,3.42,2.59,0.83,844,49.07,126476458
Japan,2021/05/05,617890,4068,10501,60,4885.415,42.045,83.027,0.507,1.01,4336031,10176,3.43,2.6,0.83,496,49.07,126476458
Japan,2021/05/06,622273,4383,10566,65,4920.07,38.057,83.541,0.459,1.03,4717020,380989,3.73,2.85,0.88,906,49.07,126476458
Japan,2021/05/07,628319,6046,10712,146,4967.873,39.595,84.696,0.579,1.1,4906863,189843,3.88,2.96,0.92,742,49.07,126476458
Japan,2021/05/08,635568,7249,10796,84,5025.188,41.018,85.36,0.582,1.15,4971316,64453,3.93,3,0.93,774,49.07,126476458
Japan,2021/05/09,642146,6578,10860,64,5077.198,41.788,85.866,0.585,1.17,5049723,78407,3.99,3.06,0.93,837,49.07,126476458
Japan,2021/05/10,647003,4857,10931,71,5115.6,42.219,86.427,0.61,1.17,5392295,342572,4.26,3.26,1,1215,49.07,126476458
Japan,2021/05/11,653363,6360,11045,114,5165.886,44.662,87.329,0.682,1.15,5715614,323319,4.52,3.43,1.09,1570,49.07,126476458
Japan,2021/05/12,660884,7521,11148,103,5225.352,48.562,88.143,0.731,1.12,6088931,373317,4.81,3.61,1.2,1980,49.07,126476458
Japan,2021/05/13,667251,6367,11249,101,5275.693,50.803,88.941,0.771,1.07,6496167,407236,5.14,3.8,1.33,2010,49.07,126476458
Japan,2021/05/14,673539,6288,11330,81,5325.41,51.077,89.582,0.698,1.03,6900545,404378,5.46,3.98,1.47,2252,49.07,126476458
Japan,2021/05/15,679870,6331,11424,94,5375.467,50.04,90.325,0.709,1,7061064,160519,5.58,4.09,1.49,2360,49.07,126476458
Japan,2021/05/16,685135,5265,11471,47,5417.095,48.557,90.697,0.69,0.98,7264303,203239,5.74,4.23,1.51,2501,49.07,126476458
Japan,2021/05/17,688873,3738,11587,116,5446.65,47.293,91.614,0.741,0.96,7856791,592488,6.21,4.5,1.71,2784,49.07,126476458
Japan,2021/05/18,694077,5204,11803,216,5487.796,45.987,93.322,0.856,0.94,8401981,545190,6.64,4.77,1.88,3034,49.07,126476458
Japan,2021/05/19,699931,5854,11900,97,5534.081,44.104,94.089,0.849,0.92,9019649,617668,7.13,5.07,2.06,3310,49.07,126476458
Japan,2021/05/20,705641,5710,12006,106,5579.228,43.362,94.927,0.855,0.9,9539439,519790,7.54,5.38,2.16,3437,49.07,126476458
Japan,2021/05/21,710895,5254,12119,113,5620.769,42.194,95.82,0.891,0.87,10098204,558765,7.98,5.67,2.32,3612,49.07,126476458
Japan,2021/05/22,715880,4985,12203,84,5660.184,40.674,96.484,0.88,0.85,10412303,314099,8.23,5.89,2.35,3785,49.07,126476458
Japan,2021/05/23,719925,4045,12265,62,5692.166,39.296,96.975,0.897,0.84,10756677,344374,8.5,6.14,2.36,3945,49.07,126476458
Japan,2021/05/24,722668,2743,12351,86,5713.854,38.172,97.655,0.863,0.82,11527366,770689,9.11,6.59,2.52,4146,49.07,126476458
Japan,2021/05/25,726586,3918,12457,106,5744.832,36.719,98.493,0.739,0.81,12174568,647202,9.63,7.05,2.57,4261,49.07,126476458
Japan,2021/05/26,731071,4485,12573,116,5780.293,35.173,99.41,0.76,0.79,12882219,707651,10.19,7.57,2.62,4363,49.07,126476458
Japan,2021/05/27,735234,4163,12691,118,5813.208,33.426,100.343,0.774,0.77,13603449,721230,10.76,8.06,2.7,4590,49.07,126476458
Japan,2021/05/28,738935,3701,12786,95,5842.471,31.672,101.094,0.753,0.75,14317579,714130,11.32,8.53,2.79,4766,49.07,126476458
Japan,2021/05/29,742539,3604,12877,91,5870.966,30.112,101.813,0.761,0.74,14833819,516240,11.73,8.9,2.83,4994,49.07,126476458
Japan,2021/05/30,745392,2853,12926,49,5893.524,28.765,102.201,0.747,0.74,15352543,518724,12.14,9.26,2.88,5191,49.07,126476458
Japan,2021/05/31,747188,1796,13006,80,5907.724,27.696,102.833,0.74,0.73,16233423,880880,12.84,9.77,3.06,5316,49.07,126476458
Japan,2021/06/01,749829,2641,13107,101,5928.605,26.253,103.632,0.734,0.72,17112764,879341,13.53,10.31,3.22,5578,49.07,126476458
Japan,2021/06/02,752865,3036,13220,113,5952.61,24.617,104.525,0.731,0.71,18040922,928158,14.26,10.87,3.39,5827,49.07,126476458
Japan,2021/06/03,755713,2848,13331,111,5975.128,23.131,105.403,0.723,0.7,18953607,912685,14.99,11.43,3.56,6043,49.07,126476458
Japan,2021/06/04,758290,2577,13417,86,5995.503,21.862,106.083,0.713,0.7,19845254,891647,15.69,11.97,3.72,6244,49.07,126476458
Japan,2021/06/05,760953,2663,13481,64,6016.558,20.799,106.589,0.682,0.7,20562920,717666,16.26,12.45,3.81,6471,49.07,126476458
Japan,2021/06/06,762980,2027,13531,50,6032.585,19.866,106.984,0.683,0.7,21290632,727712,16.83,12.88,3.95,6707,49.07,126476458
Japan,2021/06/07,764185,1205,13606,75,6042.113,19.198,107.577,0.678,0.7,22342540,1051908,17.67,13.47,4.2,6900,55.09,126476458
Japan,2021/06/08,766068,1883,13705,99,6057.001,18.342,108.36,0.675,0.7,23406472,1063932,18.51,14.07,4.43,7109,55.09,126476458
Japan,2021/06/09,768313,2245,13801,96,6074.751,17.449,109.119,0.656,0.69,24511297,1104825,19.38,14.66,4.72,7308,55.09,126476458
Japan,2021/06/10,770357,2044,13872,71,6090.912,16.541,109.68,0.611,0.7,25585747,1074450,20.23,15.22,5.01,7491,55.09,126476458
Japan,2021/06/11,772293,1936,13936,64,6106.219,15.817,110.187,0.586,0.7,26642779,1057032,21.07,15.79,5.28,7678,55.09,126476458
Japan,2021/06/12,774240,1947,13991,55,6121.614,15.008,110.621,0.576,0.71,27539953,897174,21.77,16.29,5.49,7881,55.09,126476458
Japan,2021/06/13,775624,1384,14023,32,6132.556,14.282,110.874,0.556,0.71,28433006,893053,22.48,16.75,5.73,8067,55.09,126476458
Japan,2021/06/14,776565,941,14083,60,6139.996,13.983,111.349,0.539,0.72,29610644,1177638,23.41,17.27,6.14,8209,55.09,126476458
Japan,2021/06/15,777979,1414,14150,67,6151.176,13.454,111.879,0.503,0.73,30792249,1181605,24.35,17.79,6.55,8342,55.09,126476458
Japan,2021/06/16,779696,1717,14230,80,6164.752,12.857,112.511,0.485,0.74,32012745,1220496,25.31,18.3,7.01,8473,55.09,126476458
Japan,2021/06/17,781241,1545,14277,47,6176.968,12.294,112.883,0.457,0.75,33241795,1229050,26.28,18.82,7.46,8648,55.09,126476458
Japan,2021/06/18,782877,1636,14325,48,6189.903,11.955,113.262,0.439,0.77,34416218,1174423,27.21,19.32,7.89,8780,55.09,126476458
Japan,2021/06/19,784384,1507,14353,28,6201.818,11.458,113.484,0.409,0.79,35466814,1050596,28.04,19.82,8.22,8954,55.09,126476458
Japan,2021/06/20,785702,1318,14373,20,6212.239,11.383,113.642,0.395,0.83,36525582,1058768,28.88,20.32,8.56,9141,55.09,126476458
Japan,2021/06/21,786566,864,14408,35,6219.07,11.296,113.918,0.367,0.85,37804313,1278731,29.89,20.85,9.04,9255,53.24,126476458
Japan,2021/06/22,788009,1443,14451,43,6230.48,11.329,114.258,0.34,0.88,39090170,1285857,30.91,21.37,9.53,9373,53.24,126476458
Japan,2021/06/23,789787,1778,14509,58,6244.538,11.398,114.717,0.315,0.9,40416013,1325843,31.96,21.9,10.05,9492,53.24,126476458
Japan,2021/06/24,791452,1665,14551,42,6257.702,11.533,115.049,0.309,0.92,41727529,1311516,32.99,22.42,10.57,9585,53.24,126476458
Japan,2021/06/25,793179,1727,14582,31,6271.357,11.636,115.294,0.29,0.93,43066764,1339235,34.05,22.93,11.12,9771,53.24,126476458
Japan,2021/06/26,794805,1626,14611,29,6284.213,11.771,115.523,0.291,0.94,44270755,1203991,35,23.44,11.56,9944,53.24,126476458
Japan,2021/06/27,796077,1272,14621,10,6294.27,11.719,115.603,0.28,0.95,45473001,1202246,35.95,23.97,11.98,10106,53.24,126476458
Japan,2021/06/28,797084,1007,14659,38,6302.232,11.88,115.903,0.284,0.97,46784899,1311898,36.99,24.47,12.52,10144,53.24,126476458
Japan,2021/06/29,798485,1401,14689,30,6313.309,11.833,116.14,0.269,0.98,48120228,1335329,38.05,24.96,13.09,10200,53.24,126476458
Japan,2021/06/30,800305,1820,14730,41,6327.699,11.88,116.464,0.25,1.01,49452511,1332283,39.1,25.46,13.64,10207,53.24,126476458
Japan,2021/07/01,802038,1733,14754,24,6341.401,11.957,116.654,0.229,1.02,50552300,1099789,39.97,25.81,14.16,9968,53.24,126476458
Japan,2021/07/02,803812,1774,14779,25,6355.428,12.01,116.852,0.223,1.04,51583365,1031065,40.78,26.1,14.69,9620,53.24,126476458
Japan,2021/07/03,805696,1884,14788,9,6370.324,12.302,116.923,0.2,1.06,52816090,1232725,41.76,26.61,15.14,9652,53.24,126476458
Japan,2021/07/04,807180,1484,14793,5,6382.057,12.541,116.962,0.194,1.07,53992333,1176243,42.69,27.13,15.56,9623,53.24,126476458
Japan,2021/07/05,808220,1040,14812,19,6390.28,12.578,117.113,0.173,1.09,55272506,1280173,43.7,27.67,16.04,9587,53.24,126476458
Japan,2021/07/06,809909,1689,14834,22,6403.634,12.904,117.287,0.164,1.12,56554706,1282200,44.72,28.21,16.51,9527,53.24,126476458
Japan,2021/07/07,812089,2180,14848,14,6420.871,13.31,117.397,0.133,1.16,57821468,1266762,45.72,28.76,16.96,9453,53.24,126476458
Japan,2021/07/08,814319,2230,14865,17,6438.503,13.872,117.532,0.125,1.18,59051057,1229589,46.69,29.29,17.4,9599,50.46,126476458
Japan,2021/07/09,816593,2274,14885,20,6456.482,14.436,117.69,0.12,1.2,60204199,1153142,47.6,29.78,17.82,9737,50.46,126476458
Japan,2021/07/10,819051,2458,14896,11,6475.917,15.085,117.777,0.122,1.21,61386467,1182268,48.54,30.3,18.24,9680,50.46,126476458
Japan,2021/07/11,821083,2032,14902,6,6491.983,15.704,117.824,0.123,1.21,62422828,1036361,49.36,30.69,18.67,9522,50.46,126476458
Japan,2021/07/12,822594,1511,14905,3,6503.93,16.236,117.848,0.105,1.21,63469710,1046882,50.18,31.09,19.09,9259,,126476458
Japan,2021/07/13,824990,2396,14923,18,6522.874,17.034,117.99,0.101,1.22,64418545,948835,50.93,31.46,19.47,8882,,126476458
Japan,2021/07/14,828201,3211,14943,20,6548.262,18.199,118.148,0.107,,65180178,761633,51.54,31.75,19.79,8312,,126476458