location,date,total_cases,new_cases,new_cases_smoothed,total_deaths,new_deaths,new_deaths_smoothed,total_cases_per_million,new_cases_per_million,new_cases_smoothed_per_million,total_deaths_per_million,new_deaths_per_million,new_deaths_smoothed_per_million,reproduction_rate,new_tests,total_tests,total_tests_per_thousand,new_tests_per_thousand,new_tests_smoothed,new_tests_smoothed_per_thousand,positive_rate,tests_per_case,tests_units,total_vaccinations,people_vaccinated,people_fully_vaccinated,new_vaccinations,new_vaccinations_smoothed,total_vaccinations_per_hundred,people_vaccinated_per_hundred,people_fully_vaccinated_per_hundred,new_vaccinations_smoothed_per_million,stringency_index
South Korea,2020/01/21,,,,,,,,,,,,,,,11,0,,,,,,people tested,,,,,,,,,,0
South Korea,2020/01/22,1,,,,,,0.02,,,,,,,5,16,0,0,,,,,people tested,,,,,,,,,,0
South Korea,2020/01/23,1,0,,,,,0.02,0,,,,,,,,,,,,,,people tested,,,,,,,,,,0
South Korea,2020/01/24,2,1,,,,,0.039,0.02,,,,,,,25,0,,,,,,people tested,,,,,,,,,,0
South Korea,2020/01/25,2,0,,,,,0.039,0,,,,,,,,,,,,,,people tested,,,,,,,,,,0
South Korea,2020/01/26,3,1,,,,,0.059,0.02,,,,,,,48,0.001,,,,,,people tested,,,,,,,,,,0
South Korea,2020/01/27,4,1,,,,,0.078,0.02,,,,,,9,57,0.001,0,,,,,people tested,,,,,,,,,,0
South Korea,2020/01/28,4,0,0.429,,,0,0.078,0,0.008,,,0,,130,187,0.004,0.003,25,0,0.017,58.3,people tested,,,,,,,,,,0
South Korea,2020/01/29,4,0,0.429,,,0,0.078,0,0.008,,,0,,,,,,28,0.001,0.015,65.3,people tested,,,,,,,,,,0
South Korea,2020/01/30,4,0,0.429,,,0,0.078,0,0.008,,,0,,,244,0.005,,32,0.001,0.013,74.6,people tested,,,,,,,,,,0
South Korea,2020/01/31,11,7,1.286,,,0,0.215,0.137,0.025,,,0,,,,,,40,0.001,0.032,31.1,people tested,,,,,,,,,,2.78
South Korea,2020/02/01,12,1,1.429,,,0,0.234,0.02,0.028,,,0,,,371,0.007,,48,0.001,0.03,33.6,people tested,,,,,,,,,,13.89
South Korea,2020/02/02,15,3,1.714,,,0,0.293,0.059,0.033,,,0,,58,429,0.008,0.001,54,0.001,0.032,31.5,people tested,,,,,,,,,,13.89
South Korea,2020/02/03,15,0,1.571,,,0,0.293,0,0.031,,,0,,,,,,66,0.001,0.024,42,people tested,,,,,,,,,,23.15
South Korea,2020/02/04,16,1,1.714,,,0,0.312,0.02,0.033,,,0,,,607,0.012,,60,0.001,0.029,35,people tested,,,,,,,,,,31.48
South Korea,2020/02/05,19,3,2.143,,,0,0.371,0.059,0.042,,,0,,107,714,0.014,0.002,71,0.001,0.03,33.1,people tested,,,,,,,,,,31.48
South Korea,2020/02/06,23,4,2.714,,,0,0.449,0.078,0.053,,,0,,171,885,0.017,0.003,92,0.002,0.029,33.9,people tested,,,,,,,,,,31.48
South Korea,2020/02/07,24,1,1.857,,,0,0.468,0.02,0.036,,,0,,245,1130,0.022,0.005,118,0.002,0.016,63.5,people tested,,,,,,,,,,31.48
South Korea,2020/02/08,24,0,1.714,,,0,0.468,0,0.033,,,0,,571,1701,0.033,0.011,190,0.004,0.009,110.9,people tested,,,,,,,,,,31.48
South Korea,2020/02/09,25,1,1.429,,,0,0.488,0.02,0.028,,,0,,639,2340,0.046,0.012,273,0.005,0.005,191,people tested,,,,,,,,,,31.48
South Korea,2020/02/10,27,2,1.714,,,0,0.527,0.039,0.033,,,0,,436,2776,0.054,0.009,323,0.006,0.005,188.4,people tested,,,,,,,,,,31.48
South Korea,2020/02/11,28,1,1.714,,,0,0.546,0.02,0.033,,,0,,853,3629,0.071,0.017,432,0.008,0.004,252,people tested,,,,,,,,,,31.48
South Korea,2020/02/12,28,0,1.286,,,0,0.546,0,0.025,,,0,,1445,5074,0.099,0.028,623,0.012,0.002,484.4,people tested,,,,,,,,,,31.48
South Korea,2020/02/13,28,0,0.714,,,0,0.546,0,0.014,,,0,,723,5797,0.113,0.014,702,0.014,0.001,983.2,people tested,,,,,,,,,,31.48
South Korea,2020/02/14,28,0,0.571,,,0,0.546,0,0.011,,,0,,1057,6854,0.134,0.021,818,0.016,0.001,1432.6,people tested,,,,,,,,,,31.48
South Korea,2020/02/15,28,0,0.571,,,0,0.546,0,0.011,,,0,,665,7519,0.147,0.013,831,0.016,0.001,1455.3,people tested,,,,,,,,,,31.48
South Korea,2020/02/16,29,1,0.571,,,0,0.566,0.02,0.011,,,0,,400,7919,0.154,0.008,797,0.016,0.001,1395.8,people tested,,,,,,,,,,31.48
South Korea,2020/02/17,30,1,0.429,,,0,0.585,0.02,0.008,,,0,,252,8171,0.159,0.005,771,0.015,0.001,1797.2,people tested,,,,,,,,,,31.48
South Korea,2020/02/18,31,1,0.429,,,0,0.605,0.02,0.008,,,0,,1094,9265,0.181,0.021,805,0.016,0.001,1876.5,people tested,,,,,,,,,,31.48
South Korea,2020/02/19,31,0,0.429,,,0,0.605,0,0.008,,,0,,1146,10411,0.203,0.022,762,0.015,0.001,1776.2,people tested,,,,,,,,,,31.48
South Korea,2020/02/20,104,73,10.857,1,1,0.143,2.029,1.424,0.212,0.02,0.02,0.003,,1750,12161,0.237,0.034,909,0.018,0.012,83.7,people tested,,,,,,,,,,31.48
South Korea,2020/02/21,204,100,25.143,2,1,0.286,3.979,1.95,0.49,0.039,0.02,0.006,5.79,2655,14816,0.289,0.052,1137,0.022,0.022,45.2,people tested,,,,,,,,,,45.37
South Korea,2020/02/22,433,229,57.857,2,0,0.286,8.446,4.467,1.128,0.039,0,0.006,5.52,4805,19621,0.383,0.094,1729,0.034,0.033,29.9,people tested,,,,,,,,,,45.37
South Korea,2020/02/23,602,169,81.857,6,4,0.857,11.742,3.296,1.597,0.117,0.078,0.017,4.48,3012,22633,0.441,0.059,2102,0.041,0.039,25.7,people tested,,,,,,,,,,50
South Korea,2020/02/24,833,231,114.714,8,2,1.143,16.248,4.506,2.237,0.156,0.039,0.022,3.73,5982,28615,0.558,0.117,2921,0.057,0.039,25.5,people tested,,,,,,,,,,55.56
South Korea,2020/02/25,977,144,135.143,10,2,1.429,19.056,2.809,2.636,0.195,0.039,0.028,3.14,8101,36716,0.716,0.158,3922,0.076,0.034,29,people tested,,,,,,,,,,55.56
South Korea,2020/02/26,1261,284,175.714,12,2,1.714,24.596,5.539,3.427,0.234,0.039,0.033,3.09,9411,46127,0.9,0.184,5102,0.1,0.034,29,people tested,,,,,,,,,,55.56
South Korea,2020/02/27,1766,505,237.429,13,1,1.714,34.446,9.85,4.631,0.254,0.02,0.033,3.12,11863,57990,1.131,0.231,6547,0.128,0.036,27.6,people tested,,,,,,,,,,55.56
South Korea,2020/02/28,2337,571,304.714,13,0,1.571,45.583,11.137,5.943,0.254,0,0.031,2.86,12950,70940,1.384,0.253,8018,0.156,0.038,26.3,people tested,,,,,,,,,,55.56
South Korea,2020/02/29,3150,813,388.143,16,3,2,61.44,15.857,7.571,0.312,0.059,0.039,2.56,14753,85693,1.671,0.288,9439,0.184,0.041,24.3,people tested,,,,,,,,,,55.56
South Korea,2020/03/01,3736,586,447.714,17,1,1.571,72.87,11.43,8.733,0.332,0.02,0.031,2.35,11292,96985,1.892,0.22,10622,0.207,0.042,23.7,people tested,,,,,,,,,,55.56
South Korea,2020/03/02,4335,599,500.286,28,11,2.857,84.554,11.683,9.758,0.546,0.215,0.056,2.11,12606,109591,2.138,0.246,11568,0.226,0.043,23.1,people tested,,,,,,,,,,55.56
South Korea,2020/03/03,5186,851,601.286,28,0,2.571,101.152,16.599,11.728,0.546,0,0.05,1.92,16260,125851,2.455,0.317,12734,0.248,0.047,21.2,people tested,,,,,,,,,,55.56
South Korea,2020/03/04,5621,435,622.857,35,7,3.286,109.637,8.485,12.149,0.683,0.137,0.064,1.43,10856,136707,2.666,0.212,12940,0.252,0.048,20.8,people tested,,,,,,,,,,55.56
South Korea,2020/03/05,6088,467,617.429,35,0,3.143,118.746,9.109,12.043,0.683,0,0.061,1.09,9834,146541,2.858,0.192,12650,0.247,0.049,20.5,people tested,,,,,,,,,,55.56
South Korea,2020/03/06,6593,505,608,42,7,4.143,128.596,9.85,11.859,0.819,0.137,0.081,0.88,18199,164740,3.213,0.355,13400,0.261,0.045,22,people tested,,,,,,,,,,55.56
South Korea,2020/03/07,7041,448,555.857,44,2,4,137.334,8.738,10.842,0.858,0.039,0.078,0.69,13449,178189,3.476,0.262,13214,0.258,0.042,23.8,people tested,,,,,,,,,,55.56
South Korea,2020/03/08,7314,273,511.143,50,6,4.714,142.659,5.325,9.97,0.975,0.117,0.092,0.72,10329,188518,3.677,0.201,13076,0.255,0.039,25.6,people tested,,,,,,,,,,55.56
South Korea,2020/03/09,7478,164,449,53,3,3.571,145.858,3.199,8.758,1.034,0.059,0.07,0.65,8100,196618,3.835,0.158,12432,0.242,0.036,27.7,people tested,,,,,,,,,,55.56
South Korea,2020/03/10,7513,35,332.429,54,1,3.714,146.54,0.683,6.484,1.053,0.02,0.072,0.55,13526,210144,4.099,0.264,12042,0.235,0.028,36.2,people tested,,,,,,,,,,55.56
South Korea,2020/03/11,7755,242,304.857,60,6,3.571,151.26,4.72,5.946,1.17,0.117,0.07,0.52,12251,222395,4.338,0.239,12241,0.239,0.025,40.2,people tested,,,,,,,,,,55.56
South Korea,2020/03/12,7869,114,254.429,66,6,4.429,153.484,2.224,4.963,1.287,0.117,0.086,0.35,,,,,11430,0.223,0.022,44.9,people tested,,,,,,,,,,55.56
South Korea,2020/03/13,7979,110,198,66,0,3.429,155.63,2.146,3.862,1.287,0,0.067,0.27,,230707,4.5,,9424,0.184,0.021,47.6,people tested,,,,,,,,,,55.56
South Korea,2020/03/14,8086,107,149.286,72,6,4,157.717,2.087,2.912,1.404,0.117,0.078,0.24,,,,,8875,0.173,0.017,59.4,people tested,,,,,,,,,,55.56
South Korea,2020/03/15,8162,76,121.143,75,3,3.571,159.199,1.482,2.363,1.463,0.059,0.07,0.4,,,,,8772,0.171,0.014,72.4,people tested,,,,,,,,,,55.56
South Korea,2020/03/16,8236,74,108.286,75,0,3.143,160.642,1.443,2.112,1.463,0,0.061,0.53,,259533,5.062,,8988,0.175,0.012,83,people tested,,,,,,,,,,55.56
South Korea,2020/03/17,8320,84,115.286,81,6,3.857,162.281,1.638,2.249,1.58,0.117,0.075,0.58,,,,,8560,0.167,0.013,74.3,people tested,,,,,,,,,,55.56
South Korea,2020/03/18,8413,93,94,84,3,3.429,164.095,1.814,1.833,1.638,0.059,0.067,0.59,,,,,8314,0.162,0.011,88.4,people tested,,,,,,,,,,55.56
South Korea,2020/03/19,8565,152,99.429,91,7,3.571,167.059,2.965,1.939,1.775,0.137,0.07,0.61,,291120,5.678,,9224,0.18,0.011,92.8,people tested,,,,,,,,,,55.56
South Korea,2020/03/20,8652,87,96.143,94,3,4,168.756,1.697,1.875,1.833,0.059,0.078,0.56,10019,301139,5.874,0.195,10062,0.196,0.01,104.7,people tested,,,,,,,,,,55.56
South Korea,2020/03/21,8799,147,101.857,102,8,4.286,171.624,2.867,1.987,1.989,0.156,0.084,0.62,10666,311805,6.082,0.208,10213,0.199,0.01,100.3,people tested,,,,,,,,,,69.44
South Korea,2020/03/22,8961,162,114.143,111,9,5.143,174.783,3.16,2.226,2.165,0.176,0.1,0.72,5435,317240,6.188,0.106,9617,0.188,0.012,84.3,people tested,,,,,,,,,,75.93
South Korea,2020/03/23,8961,0,103.571,111,0,5.143,174.783,0,2.02,2.165,0,0.1,0.66,7168,324408,6.328,0.14,9268,0.181,0.011,89.5,people tested,,,,,,,,,,75.93
South Korea,2020/03/24,9037,76,102.429,120,9,5.571,176.266,1.482,1.998,2.341,0.176,0.109,0.71,8734,333142,6.498,0.17,9011,0.176,0.011,88,people tested,,,,,,,,,,75.93
South Korea,2020/03/25,9137,100,103.429,126,6,6,178.216,1.95,2.017,2.458,0.117,0.117,0.76,10476,343618,6.702,0.204,9004,0.176,0.011,87.1,people tested,,,,,,,,,,75.93
South Korea,2020/03/26,9241,104,96.571,131,5,5.714,180.245,2.029,1.884,2.555,0.098,0.111,0.76,6955,350573,6.838,0.136,8493,0.166,0.011,87.9,people tested,,,,,,,,,,75.93
South Korea,2020/03/27,9332,91,97.143,139,8,6.429,182.02,1.775,1.895,2.711,0.156,0.125,0.77,11169,361742,7.056,0.218,8658,0.169,0.011,89.1,people tested,,,,,,,,,,75.93
South Korea,2020/03/28,9478,146,97,144,5,6,184.867,2.848,1.892,2.809,0.098,0.117,0.85,9619,371361,7.243,0.188,8508,0.166,0.011,87.7,people tested,,,,,,,,,,75.93
South Korea,2020/03/29,9583,105,88.857,152,8,5.857,186.915,2.048,1.733,2.965,0.156,0.114,0.9,,,,,8467,0.165,0.01,95.3,people tested,,,,,,,,,,75.93
South Korea,2020/03/30,9661,78,100,158,6,6.714,188.437,1.521,1.95,3.082,0.117,0.131,0.96,,381663,7.444,,8179,0.16,0.012,81.8,people tested,,,,,,,,,,75.93
South Korea,2020/03/31,9786,125,107,162,4,6,190.875,2.438,2.087,3.16,0.078,0.117,1,12009,393672,7.679,0.234,8647,0.169,0.012,80.8,people tested,,,,,,,,,,75.93
South Korea,2020/04/01,9887,101,107.143,165,3,5.571,192.845,1.97,2.09,3.218,0.059,0.109,0.9,11290,404962,7.899,0.22,8763,0.171,0.012,81.8,people tested,,,,,,,,,,75.93
South Korea,2020/04/02,9976,89,105,169,4,5.429,194.581,1.736,2.048,3.296,0.078,0.106,0.79,8896,413858,8.072,0.174,9041,0.176,0.012,86.1,people tested,,,,,,,,,,75.93
South Korea,2020/04/03,10062,86,104.286,174,5,5,196.258,1.677,2.034,3.394,0.098,0.098,0.73,10507,424365,8.277,0.205,8946,0.174,0.012,85.8,people tested,,,,,,,,,,75.93
South Korea,2020/04/04,10156,94,96.857,177,3,4.714,198.092,1.833,1.889,3.452,0.059,0.092,0.7,,,,,8808,0.172,0.011,90.9,people tested,,,,,,,,,,78.7
South Korea,2020/04/05,10237,81,93.429,183,6,4.429,199.672,1.58,1.822,3.569,0.117,0.086,0.71,,441662,8.615,,9307,0.182,0.01,99.6,people tested,,,,,,,,,,78.7
South Korea,2020/04/06,10284,47,89,186,3,4,200.588,0.917,1.736,3.628,0.059,0.078,0.69,5847,447509,8.729,0.114,9407,0.183,0.009,105.7,people tested,,,,,,,,,,82.41
South Korea,2020/04/07,10331,47,77.857,192,6,4.286,201.505,0.917,1.519,3.745,0.117,0.084,0.63,9145,456654,8.907,0.178,8997,0.175,0.009,115.6,people tested,,,,,,,,,,82.41
South Korea,2020/04/08,10384,53,71,200,8,5,202.539,1.034,1.385,3.901,0.156,0.098,0.57,11491,468145,9.131,0.224,9026,0.176,0.008,127.1,people tested,,,,,,,,,,82.41
South Korea,2020/04/09,10423,39,63.857,204,4,5,203.3,0.761,1.246,3.979,0.078,0.098,0.46,11057,479202,9.347,0.216,9335,0.182,0.007,146.2,people tested,,,,,,,,,,82.41
South Korea,2020/04/10,10450,27,55.429,208,4,4.857,203.826,0.527,1.081,4.057,0.078,0.095,0.39,8551,487753,9.514,0.167,9055,0.177,0.006,163.4,people tested,,,,,,,,,,82.41
South Korea,2020/04/11,10480,30,46.286,211,3,4.857,204.411,0.585,0.903,4.116,0.059,0.095,0.39,8656,496409,9.682,0.169,9056,0.177,0.005,195.7,people tested,,,,,,,,,,82.41
South Korea,2020/04/12,10512,32,39.286,214,3,4.429,205.035,0.624,0.766,4.174,0.059,0.086,0.47,4424,500833,9.769,0.086,8453,0.165,0.005,215.2,people tested,,,,,,,,,,82.41
South Korea,2020/04/13,10537,25,36.143,217,3,4.429,205.523,0.488,0.705,4.233,0.059,0.086,0.54,4519,505352,9.857,0.088,8263,0.161,0.004,228.6,people tested,,,,,,,,,,82.41
South Korea,2020/04/14,10564,27,33.286,222,5,4.286,206.05,0.527,0.649,4.33,0.098,0.084,0.55,7435,512787,10.002,0.145,8019,0.156,0.004,240.9,people tested,,,,,,,,,,82.41
South Korea,2020/04/15,10591,27,29.571,225,3,3.571,206.576,0.527,0.577,4.389,0.059,0.07,0.51,6739,519526,10.133,0.131,7340,0.143,0.004,248.2,people tested,,,,,,,,,,82.41
South Korea,2020/04/16,10613,22,27.143,229,4,3.571,207.005,0.429,0.529,4.467,0.078,0.07,0.44,4981,524507,10.23,0.097,6472,0.126,0.004,238.4,people tested,,,,,,,,,,82.41
South Korea,2020/04/17,10635,22,26.429,230,1,3.143,207.435,0.429,0.515,4.486,0.02,0.061,0.4,7770,532277,10.382,0.152,6361,0.124,0.004,240.7,people tested,,,,,,,,,,82.41
South Korea,2020/04/18,10653,18,24.714,232,2,3,207.786,0.351,0.482,4.525,0.039,0.059,0.35,,,,,6166,0.12,0.004,249.5,people tested,,,,,,,,,,73.15
South Korea,2020/04/19,10661,8,21.286,234,2,2.857,207.942,0.156,0.415,4.564,0.039,0.056,0.37,,546866,10.667,,6576,0.128,0.003,308.9,people tested,,,,,,,,,,73.15
South Korea,2020/04/20,10674,13,19.571,236,2,2.714,208.195,0.254,0.382,4.603,0.039,0.053,0.43,4188,551054,10.748,0.082,6529,0.127,0.003,333.6,people tested,,,,,,,,,,43.52
South Korea,2020/04/21,10683,9,17,237,1,2.143,208.371,0.176,0.332,4.623,0.02,0.042,0.43,7239,558293,10.889,0.141,6501,0.127,0.003,382.4,people tested,,,,,,,,,,43.52
South Korea,2020/04/22,10694,11,14.714,238,1,1.857,208.585,0.215,0.287,4.642,0.02,0.036,0.44,7545,565838,11.037,0.147,6616,0.129,0.002,449.6,people tested,,,,,,,,,,43.52
South Korea,2020/04/23,10708,14,13.571,240,2,1.571,208.858,0.273,0.265,4.681,0.039,0.031,0.44,7994,573832,11.193,0.156,7046,0.137,0.002,519.2,people tested,,,,,,,,,,43.52
South Korea,2020/04/24,10718,10,11.857,240,0,1.429,209.053,0.195,0.231,4.681,0,0.028,0.42,6088,579920,11.311,0.119,6806,0.133,0.002,574,people tested,,,,,,,,,,43.52
South Korea,2020/04/25,10728,10,10.714,242,2,1.429,209.249,0.195,0.209,4.72,0.039,0.028,0.43,,,,,6376,0.124,0.002,595.1,people tested,,,,,,,,,,43.52
South Korea,2020/04/26,10738,10,11,243,1,1.286,209.444,0.195,0.215,4.74,0.02,0.025,0.53,,,,,5945,0.116,0.002,540.5,people tested,,,,,,,,,,43.52
South Korea,2020/04/27,10752,14,11.143,244,1,1.143,209.717,0.273,0.217,4.759,0.02,0.022,0.63,,592765,11.562,,5959,0.116,0.002,534.8,people tested,,,,,,,,,,43.52
South Korea,2020/04/28,10761,9,11.143,246,2,1.286,209.892,0.176,0.217,4.798,0.039,0.025,0.57,6546,599311,11.689,0.128,5860,0.114,0.002,525.9,people tested,,,,,,,,,,43.52
South Korea,2020/04/29,10765,4,10.143,247,1,1.286,209.97,0.078,0.198,4.818,0.02,0.025,0.5,6579,605890,11.818,0.128,5722,0.112,0.002,564.1,people tested,,,,,,,,,,43.52
South Korea,2020/04/30,10774,9,9.429,248,1,1.143,210.146,0.176,0.184,4.837,0.02,0.022,0.51,,,,,5186,0.101,0.002,550,people tested,,,,,,,,,,43.52
South Korea,2020/05/01,10780,6,8.857,250,2,1.429,210.263,0.117,0.173,4.876,0.039,0.028,0.54,,614384,11.983,,4923,0.096,0.002,555.8,people tested,,,,,,,,,,43.52
South Korea,2020/05/02,10793,13,9.286,250,0,1.143,210.516,0.254,0.181,4.876,0,0.022,0.61,4682,619066,12.075,0.091,4981,0.097,0.002,536.4,people tested,,,,,,,,,,43.52
South Korea,2020/05/03,10801,8,9,252,2,1.286,210.672,0.156,0.176,4.915,0.039,0.025,0.62,3319,622385,12.14,0.065,4843,0.094,0.002,538.1,people tested,,,,,,,,,,43.52
South Korea,2020/05/04,10804,3,7.429,254,2,1.429,210.731,0.059,0.145,4.954,0.039,0.028,0.59,3360,625745,12.205,0.066,4711,0.092,0.002,634.1,people tested,,,,,,,,,,43.52
South Korea,2020/05/05,10806,2,6.429,255,1,1.286,210.77,0.039,0.125,4.974,0.02,0.025,0.64,5634,631379,12.315,0.11,4581,0.089,0.001,712.6,people tested,,,,,,,,,,43.52
South Korea,2020/05/06,10810,4,6.429,256,1,1.286,210.848,0.078,0.125,4.993,0.02,0.025,0.88,3707,635086,12.387,0.072,4171,0.081,0.002,648.8,people tested,,,,,,,,,,43.52
South Korea,2020/05/07,10822,12,6.857,256,0,1.143,211.082,0.234,0.134,4.993,0,0.022,1.31,5873,640959,12.502,0.115,4403,0.086,0.002,642.1,people tested,,,,,,,,,,43.52
South Korea,2020/05/08,10840,18,8.571,256,0,0.857,211.433,0.351,0.167,4.993,0,0.017,1.78,5037,645996,12.6,0.098,4516,0.088,0.002,526.9,people tested,,,,,,,,,,43.52
South Korea,2020/05/09,10874,34,11.571,256,0,0.857,212.096,0.663,0.226,4.993,0,0.017,2.16,4881,650877,12.695,0.095,4544,0.089,0.003,392.7,people tested,,,,,,,,,,43.52
South Korea,2020/05/10,10909,35,15.429,256,0,0.571,212.779,0.683,0.301,4.993,0,0.011,2.13,,,,,4548,0.089,0.003,294.8,people tested,,,,,,,,,,43.52
South Korea,2020/05/11,10936,27,18.857,258,2,0.571,213.306,0.527,0.368,5.032,0.039,0.011,1.86,,657570,12.826,,4546,0.089,0.004,241.1,people tested,,,,,,,,,,43.52
South Korea,2020/05/12,10962,26,22.286,259,1,0.571,213.813,0.507,0.435,5.052,0.02,0.011,1.6,6990,664560,12.962,0.136,4740,0.092,0.005,212.7,people tested,,,,,,,,,,43.52
South Korea,2020/05/13,10991,29,25.857,260,1,0.571,214.378,0.566,0.504,5.071,0.02,0.011,1.42,11781,676341,13.192,0.23,5894,0.115,0.004,227.9,people tested,,,,,,,,,,43.52
South Korea,2020/05/14,11018,27,28,260,0,0.571,214.905,0.527,0.546,5.071,0,0.011,1.2,14421,690762,13.473,0.281,7115,0.139,0.004,254.1,people tested,,,,,,,,,,43.52
South Korea,2020/05/15,11037,19,28.143,262,2,0.857,215.276,0.371,0.549,5.11,0.039,0.017,0.99,16110,706872,13.787,0.314,8697,0.17,0.003,309,people tested,,,,,,,,,,43.52
South Korea,2020/05/16,11050,13,25.143,262,0,0.857,215.529,0.254,0.49,5.11,0,0.017,0.85,,,,,9651,0.188,0.003,383.8,people tested,,,,,,,,,,43.52
South Korea,2020/05/17,11065,15,22.286,263,1,1,215.822,0.293,0.435,5.13,0.02,0.02,0.91,,729993,14.238,,10824,0.211,0.002,485.7,people tested,,,,,,,,,,43.52
South Korea,2020/05/18,11078,13,20.286,263,0,0.714,216.075,0.254,0.396,5.13,0,0.014,1,7125,737118,14.377,0.139,11364,0.222,0.002,560.2,people tested,,,,,,,,,,43.52
South Korea,2020/05/19,11110,32,21.143,263,0,0.571,216.699,0.624,0.412,5.13,0,0.011,1.11,11531,748649,14.602,0.225,12013,0.234,0.002,568.2,people tested,,,,,,,,,,43.52
South Korea,2020/05/20,11122,12,18.714,264,1,0.571,216.933,0.234,0.365,5.149,0.02,0.011,0.96,11433,760082,14.825,0.223,11963,0.233,0.002,639.3,people tested,,,,,,,,,,39.81
South Korea,2020/05/21,11142,20,17.714,264,0,0.571,217.324,0.39,0.346,5.149,0,0.011,1.02,10513,770595,15.03,0.205,11405,0.222,0.002,643.8,people tested,,,,,,,,,,39.81
South Korea,2020/05/22,11165,23,18.286,266,2,0.571,217.772,0.449,0.357,5.188,0.039,0.011,1.1,11537,782132,15.255,0.225,10751,0.21,0.002,587.9,people tested,,,,,,,,,,39.81
South Korea,2020/05/23,11190,25,20,266,0,0.571,218.26,0.488,0.39,5.188,0,0.011,1.16,10719,792851,15.464,0.209,10631,0.207,0.002,531.6,people tested,,,,,,,,,,39.81
South Korea,2020/05/24,11206,16,20.143,267,1,0.571,218.572,0.312,0.393,5.208,0.02,0.011,1.24,,,,,10015,0.195,0.002,497.2,people tested,,,,,,,,,,39.81
South Korea,2020/05/25,11225,19,21,269,2,0.857,218.942,0.371,0.41,5.247,0.039,0.017,1.47,,807348,15.747,,10033,0.196,0.002,477.8,people tested,,,,,,,,,,39.81
South Korea,2020/05/26,11265,40,22.143,269,0,0.857,219.723,0.78,0.432,5.247,0,0.017,1.81,10083,817431,15.944,0.197,9826,0.192,0.002,443.8,people tested,,,,,,,,,,39.81
South Korea,2020/05/27,11344,79,31.714,269,0,0.714,221.264,1.541,0.619,5.247,0,0.014,2.09,14384,831815,16.224,0.281,10248,0.2,0.003,323.1,people tested,,,,,,,,,,39.81
South Korea,2020/05/28,11402,58,37.143,269,0,0.714,222.395,1.131,0.724,5.247,0,0.014,1.77,14481,846296,16.507,0.282,10814,0.211,0.003,291.1,people tested,,,,,,,,,,39.81
South Korea,2020/05/29,11441,39,39.429,269,0,0.429,223.155,0.761,0.769,5.247,0,0.008,1.39,14267,860563,16.785,0.278,11204,0.219,0.004,284.2,people tested,,,,,,,,,,55.09
South Korea,2020/05/30,11468,27,39.714,270,1,0.571,223.682,0.527,0.775,5.266,0.02,0.011,1.18,16040,876603,17.098,0.313,11965,0.233,0.003,301.3,people tested,,,,,,,,,,55.09
South Korea,2020/05/31,11503,35,42.429,271,1,0.571,224.365,0.683,0.828,5.286,0.02,0.011,1.2,10925,887528,17.311,0.213,12490,0.244,0.003,294.4,people tested,,,,,,,,,,55.09
South Korea,2020/06/01,11541,38,45.143,272,1,0.429,225.106,0.741,0.881,5.305,0.02,0.008,1.23,9805,897333,17.502,0.191,12855,0.251,0.004,284.8,people tested,,,,,,,,,,55.09
South Korea,2020/06/02,11590,49,46.429,273,1,0.571,226.062,0.956,0.906,5.325,0.02,0.011,1.2,13596,910929,17.768,0.265,13357,0.261,0.003,287.7,people tested,,,,,,,,,,55.09
South Korea,2020/06/03,11629,39,40.714,273,0,0.571,226.822,0.761,0.794,5.325,0,0.011,1.12,18058,928987,18.12,0.352,13882,0.271,0.003,341,people tested,,,,,,,,,,55.09
South Korea,2020/06/04,11668,39,38,273,0,0.571,227.583,0.761,0.741,5.325,0,0.011,1.13,16672,945659,18.445,0.325,14195,0.277,0.003,373.6,people tested,,,,,,,,,,55.09
South Korea,2020/06/05,11719,51,39.714,273,0,0.571,228.578,0.995,0.775,5.325,0,0.011,1.19,16535,962194,18.767,0.323,14519,0.283,0.003,365.6,people tested,,,,,,,,,,55.09
South Korea,2020/06/06,11776,57,44,273,0,0.429,229.69,1.112,0.858,5.325,0,0.008,1.22,15157,977351,19.063,0.296,14393,0.281,0.003,327.1,people tested,,,,,,,,,,55.09
South Korea,2020/06/07,11814,38,44.429,273,0,0.286,230.431,0.741,0.867,5.325,0,0.006,1.16,8937,986288,19.237,0.174,14109,0.275,0.003,317.6,people tested,,,,,,,,,,55.09
South Korea,2020/06/08,11852,38,44.429,274,1,0.286,231.172,0.741,0.867,5.344,0.02,0.006,1.13,7552,993840,19.385,0.147,13787,0.269,0.003,310.3,people tested,,,,,,,,,,53.24
South Korea,2020/06/09,11902,50,44.571,276,2,0.429,232.147,0.975,0.869,5.383,0.039,0.008,1.11,14698,1008538,19.671,0.287,13944,0.272,0.003,312.8,people tested,,,,,,,,,,53.24
South Korea,2020/06/10,11947,45,45.429,276,0,0.429,233.025,0.878,0.886,5.383,0,0.008,1.07,17211,1025749,20.007,0.336,13823,0.27,0.003,304.3,people tested,,,,,,,,,,53.24
South Korea,2020/06/11,12003,56,47.857,277,1,0.571,234.117,1.092,0.933,5.403,0.02,0.011,1.08,15645,1041394,20.312,0.305,13676,0.267,0.003,285.8,people tested,,,,,,,,,,53.24
South Korea,2020/06/12,12051,48,47.429,277,0,0.571,235.053,0.936,0.925,5.403,0,0.011,1,15849,1057243,20.621,0.309,13578,0.265,0.003,286.3,people tested,,,,,,,,,,53.24
South Korea,2020/06/13,12085,34,44.143,277,0,0.571,235.717,0.663,0.861,5.403,0,0.011,0.94,14109,1071352,20.897,0.275,13429,0.262,0.003,304.2,people tested,,,,,,,,,,53.24
South Korea,2020/06/14,12121,36,43.857,277,0,0.571,236.419,0.702,0.855,5.403,0,0.011,0.99,7620,1078972,21.045,0.149,13241,0.258,0.003,301.9,people tested,,,,,,,,,,53.24
South Korea,2020/06/15,12155,34,43.286,278,1,0.571,237.082,0.663,0.844,5.422,0.02,0.011,1.01,5954,1084926,21.161,0.116,13012,0.254,0.003,300.6,people tested,,,,,,,,,,53.24
South Korea,2020/06/16,12198,43,42.286,279,1,0.429,237.921,0.839,0.825,5.442,0.02,0.008,1.05,12209,1097135,21.4,0.238,12657,0.247,0.003,299.3,people tested,,,,,,,,,,53.24
South Korea,2020/06/17,12257,59,44.286,280,1,0.571,239.071,1.151,0.864,5.461,0.02,0.011,1.14,14199,1111334,21.676,0.277,12226,0.238,0.004,276.1,people tested,,,,,,,,,,53.24
South Korea,2020/06/18,12306,49,43.286,280,0,0.429,240.027,0.956,0.844,5.461,0,0.008,1.12,12664,1123998,21.923,0.247,11801,0.23,0.004,272.6,people tested,,,,,,,,,,53.24
South Korea,2020/06/19,12373,67,46,280,0,0.429,241.334,1.307,0.897,5.461,0,0.008,1.12,12875,1136873,22.175,0.251,11376,0.222,0.004,247.3,people tested,,,,,,,,,,53.24
South Korea,2020/06/20,12421,48,48,280,0,0.429,242.27,0.936,0.936,5.461,0,0.008,1.01,12558,1149431,22.42,0.245,11154,0.218,0.004,232.4,people tested,,,,,,,,,,53.24
South Korea,2020/06/21,12438,17,45.286,280,0,0.429,242.602,0.332,0.883,5.461,0,0.008,0.93,6961,1156392,22.555,0.136,11060,0.216,0.004,244.2,people tested,,,,,,,,,,53.24
South Korea,2020/06/22,12484,46,47,281,1,0.429,243.499,0.897,0.917,5.481,0.02,0.008,0.99,6271,1162663,22.678,0.122,11105,0.217,0.004,236.3,people tested,,,,,,,,,,53.24
South Korea,2020/06/23,12535,51,48.143,281,0,0.286,244.494,0.995,0.939,5.481,0,0.006,0.96,11071,1173734,22.894,0.216,10943,0.213,0.004,227.3,people tested,,,,,,,,,,53.24
South Korea,2020/06/24,12563,28,43.714,282,1,0.286,245.04,0.546,0.853,5.5,0.02,0.006,0.88,14618,1188352,23.179,0.285,11003,0.215,0.004,251.7,people tested,,,,,,,,,,53.24
South Korea,2020/06/25,12602,39,42.286,282,0,0.286,245.801,0.761,0.825,5.5,0,0.006,0.95,13226,1201578,23.437,0.258,11083,0.216,0.004,262.1,people tested,,,,,,,,,,53.24
South Korea,2020/06/26,12653,51,40,282,0,0.286,246.795,0.995,0.78,5.5,0,0.006,1.05,11909,1213487,23.669,0.232,10945,0.213,0.004,273.6,people tested,,,,,,,,,,53.24
South Korea,2020/06/27,12715,62,42,282,0,0.286,248.005,1.209,0.819,5.5,0,0.006,1.15,10427,1223914,23.872,0.203,10640,0.208,0.004,253.3,people tested,,,,,,,,,,53.24
South Korea,2020/06/28,12757,42,45.571,282,0,0.286,248.824,0.819,0.889,5.5,0,0.006,1.14,8776,1232690,24.043,0.171,10900,0.213,0.004,239.2,people tested,,,,,,,,,,53.24
South Korea,2020/06/29,12800,43,45.143,282,0,0.143,249.663,0.839,0.881,5.5,0,0.003,1.12,8765,1241455,24.214,0.171,11256,0.22,0.004,249.3,people tested,,,,,,,,,,53.24
South Korea,2020/06/30,12850,50,45,282,0,0.143,250.638,0.975,0.878,5.5,0,0.003,1.11,11502,1252957,24.439,0.224,11318,0.221,0.004,251.5,people tested,,,,,,,,,,53.24
South Korea,2020/07/01,12904,54,48.714,282,0,0,251.691,1.053,0.95,5.5,0,0,1.14,12748,1265705,24.687,0.249,11050,0.216,0.004,226.8,people tested,,,,,,,,,,53.24
South Korea,2020/07/02,12967,63,52.143,282,0,0,252.92,1.229,1.017,5.5,0,0,1.17,10475,1276180,24.892,0.204,10657,0.208,0.005,204.4,people tested,,,,,,,,,,56.94
South Korea,2020/07/03,13030,63,53.857,283,1,0.143,254.149,1.229,1.05,5.52,0.02,0.003,1.14,10021,1286201,25.087,0.195,10388,0.203,0.005,192.9,people tested,,,,,,,,,,56.94
South Korea,2020/07/04,13091,61,53.714,283,0,0.143,255.339,1.19,1.048,5.52,0,0.003,1.12,11001,1297202,25.302,0.215,10470,0.204,0.005,194.9,people tested,,,,,,,,,,53.24
South Korea,2020/07/05,13137,46,54.286,284,1,0.286,256.236,0.897,1.059,5.539,0.02,0.006,1.08,,,,,10166,0.198,0.005,187.3,people tested,,,,,,,,,,53.24
South Korea,2020/07/06,13181,44,54.429,285,1,0.429,257.094,0.858,1.062,5.559,0.02,0.008,1.05,,1310504,25.561,,9864,0.192,0.006,181.2,people tested,,,,,,,,,,53.24
South Korea,2020/07/07,13244,63,56.286,285,0,0.429,258.323,1.229,1.098,5.559,0,0.008,1.02,12015,1322519,25.796,0.234,9937,0.194,0.006,176.5,people tested,,,,,,,,,,53.24
South Korea,2020/07/08,13293,49,55.571,287,2,0.714,259.279,0.956,1.084,5.598,0.039,0.014,0.94,13204,1335723,26.053,0.258,10003,0.195,0.006,180,people tested,,,,,,,,,,53.24
South Korea,2020/07/09,13338,45,53,288,1,0.857,260.156,0.878,1.034,5.617,0.02,0.017,0.87,12136,1347859,26.29,0.237,10240,0.2,0.005,193.2,people tested,,,,,,,,,,53.24
South Korea,2020/07/10,13373,35,49,288,0,0.714,260.839,0.683,0.956,5.617,0,0.014,0.82,13504,1361363,26.553,0.263,10737,0.209,0.005,219.1,people tested,,,,,,,,,,53.24
South Korea,2020/07/11,13417,44,46.571,289,1,0.857,261.697,0.858,0.908,5.637,0.02,0.017,0.93,,,,,10520,0.205,0.004,225.9,people tested,,,,,,,,,,53.24
South Korea,2020/07/12,13479,62,48.857,289,0,0.714,262.906,1.209,0.953,5.637,0,0.014,1.05,,1380314,26.923,,10923,0.213,0.004,223.6,people tested,,,,,,,,,,53.24
South Korea,2020/07/13,13512,33,47.286,289,0,0.571,263.55,0.644,0.922,5.637,0,0.011,0.97,6153,1386467,27.043,0.12,10852,0.212,0.004,229.5,people tested,,,,,,,,,,53.24
South Korea,2020/07/14,13551,39,43.857,289,0,0.571,264.311,0.761,0.855,5.637,0,0.011,0.95,9860,1396327,27.235,0.192,10544,0.206,0.004,240.4,people tested,,,,,,,,,,53.24
South Korea,2020/07/15,13612,61,45.571,291,2,0.571,265.501,1.19,0.889,5.676,0.039,0.011,1.03,11692,1408019,27.463,0.228,10328,0.201,0.004,226.6,people tested,,,,,,,,,,53.24
South Korea,2020/07/16,13672,60,47.714,293,2,0.714,266.671,1.17,0.931,5.715,0.039,0.014,0.99,9925,1417944,27.657,0.194,10012,0.195,0.005,209.8,people tested,,,,,,,,,,53.24
South Korea,2020/07/17,13711,39,48.286,294,1,0.857,267.432,0.761,0.942,5.734,0.02,0.017,0.85,9963,1427907,27.851,0.194,9506,0.185,0.005,196.9,people tested,,,,,,,,,,53.24
South Korea,2020/07/18,13745,34,46.857,295,1,0.857,268.095,0.663,0.914,5.754,0.02,0.017,0.85,9374,1437281,28.034,0.183,9492,0.185,0.005,202.6,people tested,,,,,,,,,,53.24
South Korea,2020/07/19,13771,26,41.714,296,1,1,268.602,0.507,0.814,5.773,0.02,0.02,0.93,6065,1443346,28.152,0.118,9005,0.176,0.005,215.9,people tested,,,,,,,,,,53.24
South Korea,2020/07/20,13816,45,43.429,296,0,1,269.48,0.878,0.847,5.773,0,0.02,1.09,5545,1448891,28.26,0.108,8918,0.174,0.005,205.3,people tested,,,,,,,,,,53.24
South Korea,2020/07/21,13879,63,46.857,297,1,1.143,270.708,1.229,0.914,5.793,0.02,0.022,1.18,9635,1458526,28.448,0.188,8886,0.173,0.005,189.6,people tested,,,,,,,,,,53.24
South Korea,2020/07/22,13938,59,46.571,297,0,0.857,271.859,1.151,0.908,5.793,0,0.017,1.19,11794,1470320,28.678,0.23,8900,0.174,0.005,191.1,people tested,,,,,,,,,,53.24
South Korea,2020/07/23,13979,41,43.857,298,1,0.714,272.659,0.8,0.855,5.812,0.02,0.014,1.19,9116,1479436,28.856,0.178,8785,0.171,0.005,200.3,people tested,,,,,,,,,,53.24
South Korea,2020/07/24,14092,113,54.429,298,0,0.571,274.863,2.204,1.062,5.812,0,0.011,1.32,10332,1489768,29.058,0.202,8837,0.172,0.006,162.4,people tested,,,,,,,,,,53.24
South Korea,2020/07/25,14150,58,57.857,298,0,0.429,275.994,1.131,1.128,5.812,0,0.008,1.09,9185,1498953,29.237,0.179,8810,0.172,0.007,152.3,people tested,,,,,,,,,,53.24
South Korea,2020/07/26,14175,25,57.714,299,1,0.429,276.482,0.488,1.126,5.832,0.02,0.008,0.9,4759,1503712,29.33,0.093,8624,0.168,0.007,149.4,people tested,,,,,,,,,,53.24
South Korea,2020/07/27,14203,28,55.286,300,1,0.571,277.028,0.546,1.078,5.851,0.02,0.011,0.8,4492,1508204,29.417,0.088,8473,0.165,0.007,153.3,people tested,,,,,,,,,,53.24
South Korea,2020/07/28,14251,48,53.143,300,0,0.429,277.964,0.936,1.037,5.851,0,0.008,0.75,9056,1517260,29.594,0.177,8391,0.164,0.006,157.9,people tested,,,,,,,,,,53.24
South Korea,2020/07/29,14269,18,47.286,300,0,0.429,278.315,0.351,0.922,5.851,0,0.008,0.65,10721,1527981,29.803,0.209,8237,0.161,0.006,174.2,people tested,,,,,,,,,,53.24
South Korea,2020/07/30,14305,36,46.571,301,1,0.429,279.018,0.702,0.908,5.871,0.02,0.008,0.69,9216,1537197,29.983,0.18,8252,0.161,0.006,177.2,people tested,,,,,,,,,,53.24
South Korea,2020/07/31,14336,31,34.857,301,0,0.429,279.622,0.605,0.68,5.871,0,0.008,0.65,8269,1545466,30.144,0.161,7957,0.155,0.004,228.3,people tested,,,,,,,,,,53.24
South Korea,2020/08/01,14366,30,30.857,301,0,0.429,280.207,0.585,0.602,5.871,0,0.008,0.71,8086,1553552,30.302,0.158,7800,0.152,0.004,252.8,people tested,,,,,,,,,,53.24
South Korea,2020/08/02,14389,23,30.571,301,0,0.286,280.656,0.449,0.596,5.871,0,0.006,0.82,4926,1558478,30.398,0.096,7824,0.153,0.004,255.9,people tested,,,,,,,,,,53.24
South Korea,2020/08/03,14423,34,31.429,301,0,0.143,281.319,0.663,0.613,5.871,0,0.003,0.9,3878,1562356,30.474,0.076,7736,0.151,0.004,246.1,people tested,,,,,,,,,,53.24
South Korea,2020/08/04,14456,33,29.286,302,1,0.286,281.963,0.644,0.571,5.89,0.02,0.006,0.9,8700,1571056,30.643,0.17,7685,0.15,0.004,262.4,people tested,,,,,,,,,,53.24
South Korea,2020/08/05,14499,43,32.857,302,0,0.286,282.801,0.839,0.641,5.89,0,0.006,0.94,8641,1579697,30.812,0.169,7388,0.144,0.004,224.9,people tested,,,,,,,,,,53.24
South Korea,2020/08/06,14519,20,30.571,303,1,0.286,283.192,0.39,0.596,5.91,0.02,0.006,0.87,8759,1588456,30.983,0.171,7323,0.143,0.004,239.5,people tested,,,,,,,,,,53.24
South Korea,2020/08/07,14562,43,32.286,304,1,0.429,284.03,0.839,0.63,5.929,0.02,0.008,0.95,8128,1596584,31.141,0.159,7303,0.142,0.004,226.2,people tested,,,,,,,,,,53.24
South Korea,2020/08/08,14598,36,33.143,305,1,0.571,284.732,0.702,0.646,5.949,0.02,0.011,1,7825,1604409,31.294,0.153,7265,0.142,0.005,219.2,people tested,,,,,,,,,,53.24
South Korea,2020/08/09,14626,28,33.857,305,0,0.571,285.279,0.546,0.66,5.949,0,0.011,1.15,3438,1607847,31.361,0.067,7053,0.138,0.005,208.3,people tested,,,,,,,,,,53.24
South Korea,2020/08/10,14660,34,33.857,305,0,0.571,285.942,0.663,0.66,5.949,0,0.011,1.32,4060,1611907,31.44,0.079,7079,0.138,0.005,209.1,people tested,,,,,,,,,,53.24
South Korea,2020/08/11,14714,54,36.857,305,0,0.429,286.995,1.053,0.719,5.949,0,0.008,1.57,8448,1620355,31.605,0.165,7043,0.137,0.005,191.1,people tested,,,,,,,,,,53.24
South Korea,2020/08/12,14770,56,38.714,305,0,0.429,288.087,1.092,0.755,5.949,0,0.008,1.88,8922,1629277,31.779,0.174,7083,0.138,0.005,183,people tested,,,,,,,,,,53.24
South Korea,2020/08/13,14873,103,50.571,305,0,0.286,290.096,2.009,0.986,5.949,0,0.006,2.37,7823,1637100,31.931,0.153,6949,0.136,0.007,137.4,people tested,,,,,,,,,,53.24
South Korea,2020/08/14,15039,166,68.143,305,0,0.143,293.334,3.238,1.329,5.949,0,0.003,2.77,7852,1644952,32.085,0.153,6910,0.135,0.01,101.4,people tested,,,,,,,,,,53.24
South Korea,2020/08/15,15318,279,102.857,305,0,0,298.776,5.442,2.006,5.949,0,0,2.95,8726,1653678,32.255,0.17,7038,0.137,0.015,68.4,people tested,,,,,,,,,,53.24
South Korea,2020/08/16,15515,197,127,305,0,0,302.618,3.842,2.477,5.949,0,0,2.63,6104,1659782,32.374,0.119,7419,0.145,0.017,58.4,people tested,,,,,,,,,,53.24
South Korea,2020/08/17,15761,246,157.286,306,1,0.143,307.417,4.798,3.068,5.968,0.02,0.003,2.41,5724,1665506,32.486,0.112,7657,0.149,0.021,48.7,people tested,,,,,,,,,,53.24
South Korea,2020/08/18,16058,297,192,306,0,0.143,313.21,5.793,3.745,5.968,0,0.003,2.19,6317,1671823,32.609,0.123,7353,0.143,0.026,38.3,people tested,,,,,,,,,,53.24
South Korea,2020/08/19,16346,288,225.143,307,1,0.286,318.827,5.617,4.391,5.988,0.02,0.006,1.98,12219,1684042,32.847,0.238,7824,0.153,0.029,34.8,people tested,,,,,,,,,,53.24
South Korea,2020/08/20,16670,324,256.714,309,2,0.571,325.147,6.32,5.007,6.027,0.039,0.011,1.84,15043,1699085,33.14,0.293,8855,0.173,0.029,34.5,people tested,,,,,,,,,,53.24
South Korea,2020/08/21,17002,332,280.429,309,0,0.571,331.622,6.476,5.47,6.027,0,0.011,1.69,16993,1716078,33.472,0.331,10161,0.198,0.028,36.2,people tested,,,,,,,,,,53.24
South Korea,2020/08/22,17399,397,297.286,309,0,0.571,339.366,7.743,5.799,6.027,0,0.011,1.59,17295,1733373,33.809,0.337,11385,0.222,0.026,38.3,people tested,,,,,,,,,,53.24
South Korea,2020/08/23,17665,266,307.143,309,0,0.571,344.554,5.188,5.991,6.027,0,0.011,1.48,10249,1743622,34.009,0.2,11977,0.234,0.026,39,people tested,,,,,,,,,,53.24
South Korea,2020/08/24,17945,280,312,310,1,0.571,350.015,5.461,6.086,6.047,0.02,0.011,1.39,12805,1756427,34.259,0.25,12989,0.253,0.024,41.6,people tested,,,,,,,,,,53.24
South Korea,2020/08/25,18265,320,315.286,312,2,0.857,356.257,6.242,6.15,6.086,0.039,0.017,1.34,19048,1775475,34.63,0.372,14807,0.289,0.021,47,people tested,,,,,,,,,,53.24
South Korea,2020/08/26,18706,441,337.143,313,1,0.857,364.859,8.602,6.576,6.105,0.02,0.017,1.35,21236,1796711,35.045,0.414,16096,0.314,0.021,47.7,people tested,,,,,,,,,,53.24
South Korea,2020/08/27,19077,371,343.857,316,3,1,372.095,7.236,6.707,6.164,0.059,0.02,1.23,20827,1817538,35.451,0.406,16922,0.33,0.02,49.2,people tested,,,,,,,,,,53.24
South Korea,2020/08/28,19400,323,342.571,321,5,1.714,378.395,6.3,6.682,6.261,0.098,0.033,1.09,19468,1837006,35.831,0.38,17275,0.337,0.02,50.4,people tested,,,,,,,,,,53.24
South Korea,2020/08/29,19699,299,328.571,323,2,2,384.227,5.832,6.409,6.3,0.039,0.039,1,18277,1855283,36.187,0.356,17416,0.34,0.019,53,people tested,,,,,,,,,,53.24
South Korea,2020/08/30,19947,248,326,324,1,2.143,389.064,4.837,6.359,6.32,0.02,0.042,0.98,10866,1866149,36.399,0.212,17504,0.341,0.019,53.7,people tested,,,,,,,,,,53.24
South Korea,2020/08/31,20182,235,319.571,324,0,2,393.648,4.584,6.233,6.32,0,0.039,0.92,13664,1879813,36.666,0.267,17627,0.344,0.018,55.2,people tested,,,,,,,,,,53.24
South Korea,2020/09/01,20449,267,312,326,2,2,398.856,5.208,6.086,6.359,0.039,0.039,0.83,22524,1902337,37.105,0.439,18123,0.353,0.017,58.1,people tested,,,,,,,,,,53.24
South Korea,2020/09/02,20644,195,276.857,329,3,2.286,402.659,3.803,5.4,6.417,0.059,0.045,0.73,21210,1923547,37.519,0.414,18119,0.353,0.015,65.4,people tested,,,,,,,,,,50.46
South Korea,2020/09/03,20842,198,252.143,331,2,2.143,406.521,3.862,4.918,6.456,0.039,0.042,0.69,21481,1945028,37.938,0.419,18213,0.355,0.014,72.2,people tested,,,,,,,,,,50.46
South Korea,2020/09/04,21010,168,230,333,2,1.714,409.798,3.277,4.486,6.495,0.039,0.033,0.66,,,,,18285,0.357,0.013,79.5,people tested,,,,,,,,,,50.46
South Korea,2020/09/05,21177,167,211.143,334,1,1.571,413.055,3.257,4.118,6.515,0.02,0.031,0.66,,1984968,38.717,,18526,0.361,0.011,87.7,people tested,,,,,,,,,,50.46
South Korea,2020/09/06,21296,119,192.714,336,2,1.714,415.376,2.321,3.759,6.554,0.039,0.033,0.69,11346,1996314,38.938,0.221,18595,0.363,0.01,96.5,people tested,,,,,,,,,,50.46
South Korea,2020/09/07,21432,136,178.571,341,5,2.429,418.029,2.653,3.483,6.651,0.098,0.047,0.71,7874,2004188,39.091,0.154,17768,0.347,0.01,99.5,people tested,,,,,,,,,,50.46
South Korea,2020/09/08,21588,156,162.714,344,3,2.571,421.072,3.043,3.174,6.71,0.059,0.05,0.71,18520,2022708,39.453,0.361,17196,0.335,0.009,105.7,people tested,,,,,,,,,,50.46
South Korea,2020/09/09,21743,155,157,346,2,2.429,424.095,3.023,3.062,6.749,0.039,0.047,0.71,22993,2045701,39.901,0.448,17451,0.34,0.009,111.2,people tested,,,,,,,,,,50.46
South Korea,2020/09/10,21919,176,153.857,350,4,2.714,427.528,3.433,3.001,6.827,0.078,0.053,0.74,20872,2066573,40.308,0.407,17364,0.339,0.009,112.9,people tested,,,,,,,,,,50.46
South Korea,2020/09/11,22055,136,149.286,355,5,3.143,430.18,2.653,2.912,6.924,0.098,0.061,0.72,23215,2089788,40.761,0.453,17827,0.348,0.008,119.4,people tested,,,,,,,,,,50.46
South Korea,2020/09/12,22176,121,142.714,358,3,3.429,432.541,2.36,2.784,6.983,0.059,0.067,0.71,17843,2107631,41.109,0.348,17523,0.342,0.008,122.8,people tested,,,,,,,,,,50.46
South Korea,2020/09/13,22285,109,141.286,363,5,3.857,434.667,2.126,2.756,7.08,0.098,0.075,0.74,7934,2115565,41.264,0.155,17036,0.332,0.008,120.6,people tested,,,,,,,,,,50.46
South Korea,2020/09/14,22391,106,137,367,4,3.714,436.734,2.068,2.672,7.158,0.078,0.072,0.75,7961,2123526,41.419,0.155,17048,0.333,0.008,124.4,people tested,,,,,,,,,,50.46
South Korea,2020/09/15,22504,113,130.857,367,0,3.286,438.938,2.204,2.552,7.158,0,0.064,0.74,13742,2137268,41.687,0.268,16366,0.319,0.008,125.1,people tested,,,,,,,,,,50.46
South Korea,2020/09/16,22657,153,130.571,372,5,3.714,441.922,2.984,2.547,7.256,0.098,0.072,0.77,15722,2152990,41.994,0.307,15327,0.299,0.009,117.4,people tested,,,,,,,,,,50.46
South Korea,2020/09/17,22783,126,123.429,377,5,3.857,444.38,2.458,2.407,7.353,0.098,0.075,0.75,13394,2166384,42.255,0.261,14259,0.278,0.009,115.5,people tested,,,,,,,,,,50.46
South Korea,2020/09/18,22893,110,119.714,378,1,3.286,446.526,2.146,2.335,7.373,0.02,0.064,0.72,14578,2180962,42.539,0.284,13025,0.254,0.009,108.8,people tested,,,,,,,,,,50.46
South Korea,2020/09/19,22975,82,114.143,383,5,3.571,448.125,1.599,2.226,7.47,0.098,0.07,0.68,13495,2194457,42.803,0.263,12404,0.242,0.009,108.7,people tested,,,,,,,,,,50.46
South Korea,2020/09/20,23045,70,108.571,385,2,3.143,449.49,1.365,2.118,7.509,0.039,0.061,0.7,7970,2202427,42.958,0.155,12409,0.242,0.009,114.3,people tested,,,,,,,,,,50.46
South Korea,2020/09/21,23106,61,102.143,388,3,3,450.68,1.19,1.992,7.568,0.059,0.059,0.73,6626,2209053,43.087,0.129,12218,0.238,0.008,119.6,people tested,,,,,,,,,,48.61
South Korea,2020/09/22,23216,110,101.714,388,0,3,452.826,2.146,1.984,7.568,0,0.059,0.79,12837,2221890,43.338,0.25,12089,0.236,0.008,118.9,people tested,,,,,,,,,,48.61
South Korea,2020/09/23,23341,125,97.714,393,5,3,455.264,2.438,1.906,7.665,0.098,0.059,0.83,14482,2236372,43.62,0.282,11912,0.232,0.008,121.9,people tested,,,,,,,,,,48.61
South Korea,2020/09/24,23455,114,96,395,2,2.571,457.487,2.224,1.872,7.704,0.039,0.05,0.81,11845,2248217,43.851,0.231,11690,0.228,0.008,121.8,people tested,,,,,,,,,,48.61
South Korea,2020/09/25,23516,61,89,399,4,3,458.677,1.19,1.736,7.782,0.078,0.059,0.74,12484,2260701,44.095,0.243,11391,0.222,0.008,128,people tested,,,,,,,,,,48.61
South Korea,2020/09/26,23611,95,90.857,401,2,2.571,460.53,1.853,1.772,7.821,0.039,0.05,0.75,11136,2271837,44.312,0.217,11054,0.216,0.008,121.7,people tested,,,,,,,,,,48.61
South Korea,2020/09/27,23661,50,88,406,5,3,461.505,0.975,1.716,7.919,0.098,0.059,0.71,5802,2277639,44.425,0.113,10745,0.21,0.008,122.1,people tested,,,,,,,,,,48.61
South Korea,2020/09/28,23699,38,84.714,407,1,2.714,462.246,0.741,1.652,7.938,0.02,0.053,0.73,5077,2282716,44.524,0.099,10523,0.205,0.008,124.2,people tested,,,,,,,,,,60.19
South Korea,2020/09/29,23812,113,85.143,413,6,3.571,464.451,2.204,1.661,8.056,0.117,0.07,0.82,10272,2292988,44.724,0.2,10157,0.198,0.008,119.3,people tested,,,,,,,,,,60.19
South Korea,2020/09/30,23889,77,78.286,415,2,3.143,465.952,1.502,1.527,8.095,0.039,0.061,0.78,9415,2302403,44.908,0.184,9433,0.184,0.008,120.5,people tested,,,,,,,,,,60.19
South Korea,2020/10/01,23952,63,71,416,1,3,467.181,1.229,1.385,8.114,0.02,0.059,0.78,6003,2308406,45.025,0.117,8598,0.168,0.008,121.1,people tested,,,,,,,,,,60.19
South Korea,2020/10/02,24027,75,73,420,4,3,468.644,1.463,1.424,8.192,0.078,0.059,0.83,5376,2313782,45.13,0.105,7583,0.148,0.01,103.9,people tested,,,,,,,,,,60.19
South Korea,2020/10/03,24091,64,68.571,421,1,2.857,469.892,1.248,1.337,8.212,0.02,0.056,0.87,4790,2318572,45.224,0.093,6676,0.13,0.01,97.4,people tested,,,,,,,,,,62.96
South Korea,2020/10/04,24164,73,71.857,422,1,2.286,471.316,1.424,1.402,8.231,0.02,0.045,0.94,5657,2324229,45.334,0.11,6656,0.13,0.011,92.6,people tested,,,,,,,,,,60.19
South Korea,2020/10/05,24239,75,77.143,422,0,2.143,472.779,1.463,1.505,8.231,0,0.042,1,5702,2329931,45.445,0.111,6745,0.132,0.011,87.4,people tested,,,,,,,,,,65.74
South Korea,2020/10/06,24353,114,77.286,425,3,1.714,475.003,2.224,1.507,8.29,0.059,0.033,1,12765,2342696,45.694,0.249,7101,0.139,0.011,91.9,people tested,,,,,,,,,,65.74
South Korea,2020/10/07,24422,69,76.143,427,2,1.714,476.349,1.346,1.485,8.329,0.039,0.033,0.88,13239,2355935,45.952,0.258,7647,0.149,0.01,100.4,people tested,,,,,,,,,,65.74
South Korea,2020/10/08,24476,54,74.857,428,1,1.714,477.402,1.053,1.46,8.348,0.02,0.033,0.84,11931,2367866,46.185,0.233,8494,0.166,0.009,113.5,people tested,,,,,,,,,,65.74
South Korea,2020/10/09,24548,72,74.429,430,2,1.429,478.806,1.404,1.452,8.387,0.039,0.028,0.91,11668,2379534,46.413,0.228,9393,0.183,0.008,126.2,people tested,,,,,,,,,,60.19
South Korea,2020/10/10,24606,58,73.571,432,2,1.571,479.937,1.131,1.435,8.426,0.039,0.031,0.98,6168,2385702,46.533,0.12,9590,0.187,0.008,130.4,people tested,,,,,,,,,,60.19
South Korea,2020/10/11,24703,97,77,433,1,1.571,481.829,1.892,1.502,8.446,0.02,0.031,1.12,5478,2391180,46.64,0.107,9564,0.187,0.008,124.2,people tested,,,,,,,,,,60.19
South Korea,2020/10/12,24805,102,80.857,434,1,1.714,483.819,1.989,1.577,8.465,0.02,0.033,1.16,5238,2396418,46.742,0.102,9498,0.185,0.009,117.5,people tested,,,,,,,,,,56.94
South Korea,2020/10/13,24889,84,76.571,438,4,1.857,485.457,1.638,1.494,8.543,0.078,0.036,1.04,12229,2408647,46.98,0.239,9422,0.184,0.008,123,people tested,,,,,,,,,,56.94
South Korea,2020/10/14,24988,99,80.857,439,1,1.714,487.388,1.931,1.577,8.563,0.02,0.033,0.98,14411,2423058,47.261,0.281,9589,0.187,0.008,118.6,people tested,,,,,,,,,,56.94
South Korea,2020/10/15,25035,47,79.857,441,2,1.857,488.305,0.917,1.558,8.602,0.039,0.036,0.88,9419,2432477,47.445,0.184,9230,0.18,0.009,115.6,people tested,,,,,,,,,,56.94
South Korea,2020/10/16,25108,73,80,443,2,1.857,489.729,1.424,1.56,8.641,0.039,0.036,0.96,9594,2442071,47.632,0.187,8934,0.174,0.009,111.7,people tested,,,,,,,,,,56.94
South Korea,2020/10/17,25199,91,84.714,444,1,1.714,491.504,1.775,1.652,8.66,0.02,0.033,1.04,9138,2451209,47.811,0.178,9358,0.183,0.009,110.5,people tested,,,,,,,,,,56.94
South Korea,2020/10/18,25275,76,81.714,444,0,1.571,492.986,1.482,1.594,8.66,0,0.031,1.03,5539,2456748,47.919,0.108,9367,0.183,0.009,114.6,people tested,,,,,,,,,,56.94
South Korea,2020/10/19,25333,58,75.429,447,3,1.857,494.117,1.131,1.471,8.719,0.059,0.036,1.05,5715,2462463,48.03,0.111,9435,0.184,0.008,125.1,people tested,,,,,,,,,,56.94
South Korea,2020/10/20,25424,91,76.429,450,3,1.714,495.892,1.775,1.491,8.777,0.059,0.033,1.14,9469,2471932,48.215,0.185,9041,0.176,0.008,118.3,people tested,,,,,,,,,,56.94
South Korea,2020/10/21,25543,119,79.286,453,3,2,498.214,2.321,1.546,8.836,0.059,0.039,1.24,12066,2483998,48.45,0.235,8706,0.17,0.009,109.8,people tested,,,,,,,,,,56.94
South Korea,2020/10/22,25698,155,94.714,455,2,2,501.237,3.023,1.847,8.875,0.039,0.039,1.29,11514,2495512,48.675,0.225,9005,0.176,0.011,95.1,people tested,,,,,,,,,,56.94
South Korea,2020/10/23,25775,77,95.286,457,2,2,502.739,1.502,1.859,8.914,0.039,0.039,1.12,12679,2508191,48.922,0.247,9446,0.184,0.01,99.1,people tested,,,,,,,,,,56.94
South Korea,2020/10/24,25836,61,91,457,0,1.857,503.928,1.19,1.775,8.914,0,0.036,1.06,10600,2518791,49.129,0.207,9655,0.188,0.009,106.1,people tested,,,,,,,,,,56.94
South Korea,2020/10/25,25955,119,97.143,457,0,1.857,506.25,2.321,1.895,8.914,0,0.036,1.15,5673,2524464,49.239,0.111,9674,0.189,0.01,99.6,people tested,,,,,,,,,,51.39
South Korea,2020/10/26,26043,88,101.429,460,3,1.857,507.966,1.716,1.978,8.972,0.059,0.036,1.14,7037,2531501,49.377,0.137,9863,0.192,0.01,97.2,people tested,,,,,,,,,,51.39
South Korea,2020/10/27,26146,103,103.143,461,1,1.571,509.975,2.009,2.012,8.992,0.02,0.031,1.12,13083,2544584,49.632,0.255,10379,0.202,0.01,100.6,people tested,,,,,,,,,,51.39
South Korea,2020/10/28,26271,125,104,462,1,1.286,512.413,2.438,2.029,9.011,0.02,0.025,1.14,15472,2560056,49.934,0.302,10865,0.212,0.01,104.5,people tested,,,,,,,,,,51.39
South Korea,2020/10/29,26385,114,98.143,463,1,1.143,514.637,2.224,1.914,9.031,0.02,0.022,1.13,11774,2571830,50.163,0.23,10903,0.213,0.009,111.1,people tested,,,,,,,,,,51.39
South Korea,2020/10/30,26511,126,105.143,464,1,1,517.094,2.458,2.051,9.05,0.02,0.02,1.18,14028,2585858,50.437,0.274,11095,0.216,0.009,105.5,people tested,,,,,,,,,,51.39
South Korea,2020/10/31,26635,124,114.143,466,2,1.286,519.513,2.419,2.226,9.089,0.039,0.025,1.14,12956,2598814,50.69,0.253,11432,0.223,0.01,100.2,people tested,,,,,,,,,,51.39
South Korea,2020/11/01,26732,97,111,468,2,1.571,521.405,1.892,2.165,9.128,0.039,0.031,1.07,6978,2605792,50.826,0.136,11618,0.227,0.01,104.7,people tested,,,,,,,,,,51.39
South Korea,2020/11/02,26807,75,109.143,472,4,1.714,522.868,1.463,2.129,9.206,0.078,0.033,1.04,5334,2611126,50.93,0.104,11375,0.222,0.01,104.2,people tested,,,,,,,,,,51.39
South Korea,2020/11/03,26925,118,111.286,474,2,1.857,525.169,2.302,2.171,9.245,0.039,0.036,1.06,12918,2624044,51.182,0.252,11351,0.221,0.01,102,people tested,,,,,,,,,,51.39
South Korea,2020/11/04,27050,125,111.286,475,1,1.857,527.607,2.438,2.171,9.265,0.02,0.036,1.09,13961,2638005,51.454,0.272,11136,0.217,0.01,100.1,people tested,,,,,,,,,,51.39
South Korea,2020/11/05,27195,145,115.714,476,1,1.857,530.436,2.828,2.257,9.284,0.02,0.036,1.11,10639,2648644,51.662,0.208,10973,0.214,0.011,94.8,people tested,,,,,,,,,,51.39
South Korea,2020/11/06,27284,89,110.429,477,1,1.857,532.172,1.736,2.154,9.304,0.02,0.036,1.09,12041,2660685,51.896,0.235,10690,0.209,0.01,96.8,people tested,,,,,,,,,,51.39
South Korea,2020/11/07,27427,143,113.143,478,1,1.714,534.961,2.789,2.207,9.323,0.02,0.033,1.17,10347,2671032,52.098,0.202,10317,0.201,0.011,91.2,people tested,,,,,,,,,,51.39
South Korea,2020/11/08,27553,126,117.286,480,2,1.714,537.418,2.458,2.288,9.362,0.039,0.033,1.17,6200,2677232,52.219,0.121,10206,0.199,0.011,87,people tested,,,,,,,,,,51.39
South Korea,2020/11/09,27653,100,120.857,485,5,1.857,539.369,1.95,2.357,9.46,0.098,0.036,1.17,6165,2683397,52.339,0.12,10324,0.201,0.012,85.4,people tested,,,,,,,,,,51.39
South Korea,2020/11/10,27799,146,124.857,487,2,1.857,542.217,2.848,2.435,9.499,0.039,0.036,1.21,12708,2696105,52.587,0.248,10294,0.201,0.012,82.4,people tested,,,,,,,,,,51.39
South Korea,2020/11/11,27942,143,127.429,487,0,1.714,545.006,2.789,2.485,9.499,0,0.033,1.25,11741,2707846,52.816,0.229,9977,0.195,0.013,78.3,people tested,,,,,,,,,,51.39
South Korea,2020/11/12,28133,191,134,488,1,1.714,548.731,3.725,2.614,9.518,0.02,0.033,1.37,12642,2720488,53.063,0.247,10263,0.2,0.013,76.6,people tested,,,,,,,,,,51.39
South Korea,2020/11/13,28338,205,150.571,492,4,2.143,552.73,3.999,2.937,9.596,0.078,0.042,1.47,10804,2731292,53.274,0.211,10087,0.197,0.015,67,people tested,,,,,,,,,,51.39
South Korea,2020/11/14,28546,208,159.857,493,1,2.143,556.787,4.057,3.118,9.616,0.02,0.042,1.51,11305,2742597,53.494,0.221,10224,0.199,0.016,64,people tested,,,,,,,,,,51.39
South Korea,2020/11/15,28769,223,173.714,494,1,2,561.136,4.35,3.388,9.635,0.02,0.039,1.57,7903,2750500,53.648,0.154,10467,0.204,0.017,60.3,people tested,,,,,,,,,,51.39
South Korea,2020/11/16,28998,229,192.143,494,0,1.286,565.603,4.467,3.748,9.635,0,0.025,1.6,8877,2759377,53.821,0.173,10854,0.212,0.018,56.5,people tested,,,,,,,,,,51.39
South Korea,2020/11/17,29311,313,216,496,2,1.286,571.708,6.105,4.213,9.674,0.039,0.025,1.63,15176,2774553,54.117,0.296,11207,0.219,0.019,51.9,people tested,,,,,,,,,,51.39
South Korea,2020/11/18,29654,343,244.571,498,2,1.571,578.398,6.69,4.77,9.713,0.039,0.031,1.61,17121,2791674,54.451,0.334,11975,0.234,0.02,49,people tested,,,,,,,,,,51.39
South Korea,2020/11/19,30017,363,269.143,501,3,1.857,585.478,7.08,5.25,9.772,0.059,0.036,1.57,16644,2808318,54.776,0.325,12547,0.245,0.021,46.6,people tested,,,,,,,,,,51.39
South Korea,2020/11/20,30403,386,295,503,2,1.571,593.007,7.529,5.754,9.811,0.039,0.031,1.53,16982,2825300,55.107,0.331,13430,0.262,0.022,45.5,people tested,,,,,,,,,,51.39
South Korea,2020/11/21,30733,330,312.429,505,2,1.714,599.444,6.437,6.094,9.85,0.039,0.033,1.42,20101,2845401,55.499,0.392,14686,0.286,0.021,47,people tested,,,,,,,,,,51.39
South Korea,2020/11/22,31004,271,319.286,509,4,2.143,604.73,5.286,6.228,9.928,0.078,0.042,1.37,9460,2854861,55.684,0.185,14909,0.291,0.021,46.7,people tested,,,,,,,,,,51.39
South Korea,2020/11/23,31353,349,336.429,510,1,2.286,611.537,6.807,6.562,9.947,0.02,0.045,1.41,10819,2865680,55.895,0.211,15186,0.296,0.022,45.1,people tested,,,,,,,,,,56.94
South Korea,2020/11/24,31735,382,346.286,513,3,2.429,618.988,7.451,6.754,10.006,0.059,0.047,1.44,22950,2888630,56.342,0.448,16297,0.318,0.021,47.1,people tested,,,,,,,,,,54.17
South Korea,2020/11/25,32318,583,380.571,515,2,2.429,630.359,11.371,7.423,10.045,0.039,0.047,1.53,21937,2910567,56.77,0.428,16985,0.331,0.022,44.6,people tested,,,,,,,,,,54.17
South Korea,2020/11/26,32887,569,410,516,1,2.143,641.457,11.098,7.997,10.065,0.02,0.042,1.48,22118,2932685,57.202,0.431,17767,0.347,0.023,43.3,people tested,,,,,,,,,,57.87
South Korea,2020/11/27,33375,488,424.571,522,6,2.714,650.976,9.518,8.281,10.182,0.117,0.053,1.36,20255,2952940,57.597,0.395,18234,0.356,0.023,42.9,people tested,,,,,,,,,,57.87
South Korea,2020/11/28,33824,449,441.571,523,1,2.571,659.734,8.758,8.613,10.201,0.02,0.05,1.28,20270,2973210,57.992,0.395,18258,0.356,0.024,41.3,people tested,,,,,,,,,,57.87
South Korea,2020/11/29,34201,377,456.714,526,3,2.429,667.087,7.353,8.908,10.26,0.059,0.047,1.23,10932,2984142,58.205,0.213,18469,0.36,0.025,40.4,people tested,,,,,,,,,,57.87
South Korea,2020/11/30,34652,451,471.286,526,0,2.286,675.884,8.797,9.192,10.26,0,0.045,1.24,13665,2997807,58.472,0.267,18875,0.368,0.025,40,people tested,,,,,,,,,,57.87
South Korea,2020/12/01,35163,511,489.714,526,0,1.857,685.851,9.967,9.552,10.26,0,0.036,1.23,21298,3019105,58.887,0.415,18639,0.364,0.026,38.1,people tested,,,,,,,,,,60.65
South Korea,2020/12/02,35703,540,483.571,529,3,2,696.383,10.533,9.432,10.318,0.059,0.039,1.24,22711,3041816,59.33,0.443,18750,0.366,0.026,38.8,people tested,,,,,,,,,,60.65
South Korea,2020/12/03,36332,629,492.143,536,7,2.857,708.652,12.269,9.599,10.455,0.137,0.056,1.28,24282,3066098,59.804,0.474,19059,0.372,0.026,38.7,people tested,,,,,,,,,,60.65
South Korea,2020/12/04,36915,583,505.714,540,4,2.571,720.023,11.371,9.864,10.533,0.078,0.05,1.28,27295,3093393,60.336,0.532,20065,0.391,0.025,39.7,people tested,,,,,,,,,,60.65
South Korea,2020/12/05,37546,631,531.714,545,5,3.143,732.331,12.308,10.371,10.63,0.098,0.061,1.3,20836,3114229,60.743,0.406,20146,0.393,0.026,37.9,people tested,,,,,,,,,,60.65
South Korea,2020/12/06,38161,615,565.714,549,4,3.286,744.326,11.996,11.034,10.708,0.078,0.064,1.31,12922,3127151,60.995,0.252,20430,0.398,0.028,36.1,people tested,,,,,,,,,,60.65
South Korea,2020/12/07,38755,594,586.143,552,3,3.714,755.912,11.586,11.433,10.767,0.059,0.072,1.27,14215,3141366,61.272,0.277,20508,0.4,0.029,35,people tested,,,,,,,,,,60.65
South Korea,2020/12/08,39432,677,609.857,556,4,4.286,769.117,13.205,11.895,10.845,0.078,0.084,1.24,8685,3150051,61.441,0.169,18707,0.365,0.033,30.7,people tested,,,,,,,,,,57.87
South Korea,2020/12/09,40098,666,627.857,564,8,5,782.107,12.99,12.246,11.001,0.156,0.098,1.23,28105,3178156,61.99,0.548,19477,0.38,0.032,31,people tested,,,,,,,,,,57.87
South Korea,2020/12/10,40786,688,636.286,572,8,5.143,795.527,13.419,12.411,11.157,0.156,0.1,1.28,27027,3205183,62.517,0.527,19869,0.388,0.032,31.2,people tested,,,,,,,,,,57.87
South Korea,2020/12/11,41736,950,688.714,578,6,5.429,814.056,18.53,13.433,11.274,0.117,0.106,1.4,28342,3233525,63.07,0.553,20019,0.39,0.034,29.1,people tested,,,,,,,,,,57.87
South Korea,2020/12/12,42766,1030,745.714,580,2,5,834.146,20.09,14.545,11.313,0.039,0.098,1.42,29597,3263122,63.647,0.577,21270,0.415,0.035,28.5,people tested,,,,,,,,,,57.87
South Korea,2020/12/13,43484,718,760.429,587,7,5.429,848.151,14.005,14.832,11.449,0.137,0.106,1.36,21344,3284466,64.063,0.416,22474,0.438,0.034,29.6,people tested,,,,,,,,,,57.87
South Korea,2020/12/14,44364,880,801.286,600,13,6.857,865.315,17.164,15.629,11.703,0.254,0.134,1.35,23326,3307792,64.518,0.455,23775,0.464,0.034,29.7,people tested,,,,,,,,,,57.87
South Korea,2020/12/15,45442,1078,858.571,612,12,8,886.341,21.026,16.746,11.937,0.234,0.156,1.33,,,,,28691,0.56,0.03,33.4,people tested,,,,,,,,,,57.87
South Korea,2020/12/16,46453,1011,907.857,634,22,10,906.061,19.719,17.708,12.366,0.429,0.195,1.28,,3393985,66.199,,30833,0.601,0.029,34,people tested,,,,,,,,,,57.87
South Korea,2020/12/17,47515,1062,961.286,645,11,10.429,926.775,20.714,18.75,12.581,0.215,0.203,1.25,45597,3439582,67.089,0.889,33486,0.653,0.029,34.8,people tested,,,,,,,,,,57.87
South Korea,2020/12/18,48570,1055,976.286,659,14,11.571,947.353,20.578,19.042,12.854,0.273,0.226,1.23,39595,3479177,67.861,0.772,35093,0.684,0.028,35.9,people tested,,,,,,,,,,57.87
South Korea,2020/12/19,49665,1095,985.571,674,15,13.429,968.711,21.358,19.223,13.146,0.293,0.262,1.21,40837,3520014,68.658,0.797,36699,0.716,0.027,37.2,people tested,,,,,,,,,,57.87
South Korea,2020/12/20,50591,926,1015.286,698,24,15.857,986.772,18.062,19.803,13.614,0.468,0.309,1.17,23605,3543619,69.118,0.46,37022,0.722,0.027,36.5,people tested,,,,,,,,,,57.87
South Korea,2020/12/21,51460,869,1013.714,722,24,17.429,1003.722,16.95,19.772,14.083,0.468,0.34,1.12,23804,3567423,69.582,0.464,37090,0.723,0.027,36.6,people tested,,,,,,,,,,57.87
South Korea,2020/12/22,52550,1090,1015.429,739,17,18.143,1024.982,21.26,19.806,14.414,0.332,0.354,1.11,53880,3621303,70.633,1.051,38631,0.753,0.026,38,people tested,,,,,,,,,,61.57
South Korea,2020/12/23,53533,983,1011.429,756,17,17.429,1044.156,19.173,19.728,14.746,0.332,0.34,1.09,52159,3673462,71.65,1.017,39925,0.779,0.025,39.5,people tested,,,,,,,,,,67.13
South Korea,2020/12/24,54770,1237,1036.429,773,17,18.286,1068.283,24.128,20.215,15.077,0.332,0.357,1.12,58215,3731677,72.786,1.135,41728,0.814,0.025,40.3,people tested,,,,,,,,,,68.98
South Korea,2020/12/25,55902,1132,1047.429,793,20,19.143,1090.363,22.08,20.43,15.467,0.39,0.373,1.09,50891,3782568,73.779,0.993,43342,0.845,0.024,41.4,people tested,,,,,,,,,,68.98
South Korea,2020/12/26,56872,970,1029.571,808,15,19.143,1109.282,18.92,20.082,15.76,0.293,0.373,1.05,29835,3812403,74.361,0.582,41770,0.815,0.025,40.6,people tested,,,,,,,,,,68.98
South Korea,2020/12/27,57680,808,1012.714,819,11,17.286,1125.042,15.76,19.753,15.975,0.215,0.337,1.03,27033,3839436,74.888,0.527,42260,0.824,0.024,41.7,people tested,,,,,,,,,,68.98
South Korea,2020/12/28,58725,1045,1037.857,859,40,19.571,1145.425,20.383,20.243,16.755,0.78,0.382,1.04,28993,3868429,75.453,0.566,43001,0.839,0.024,41.4,people tested,,,,,,,,,,68.98
South Korea,2020/12/29,59773,1048,1031.857,879,20,20,1165.866,20.441,20.126,17.145,0.39,0.39,0.99,58790,3927219,76.6,1.147,43702,0.852,0.024,42.4,people tested,,,,,,,,,,68.98
South Korea,2020/12/30,60740,967,1029.571,900,21,20.571,1184.727,18.861,20.082,17.554,0.41,0.401,0.95,60532,3987751,77.781,1.181,44898,0.876,0.023,43.6,people tested,,,,,,,,,,68.98
South Korea,2020/12/31,61769,1029,999.857,917,17,20.571,1204.798,20.071,19.502,17.886,0.332,0.401,0.92,55791,4043542,78.869,1.088,44552,0.869,0.022,44.6,people tested,,,,,,,,,,68.98
South Korea,2021/01/01,62593,824,955.857,942,25,21.286,1220.87,16.072,18.644,18.374,0.488,0.415,0.88,48849,4092391,79.822,0.953,44260,0.863,0.022,46.3,people tested,,,,,,,,,,66.2
South Korea,2021/01/02,63244,651,910.286,962,20,22,1233.568,12.698,17.755,18.764,0.39,0.429,0.88,31021,4123412,80.427,0.605,44430,0.867,0.02,48.8,people tested,,,,,,,,,,67.59
South Korea,2021/01/03,64264,1020,940.571,981,19,23.143,1253.463,19.895,18.346,19.134,0.371,0.451,0.95,30954,4154366,81.03,0.604,44990,0.878,0.021,47.8,people tested,,,,,,,,,,67.59
South Korea,2021/01/04,64979,715,893.429,1007,26,21.143,1267.409,13.946,17.426,19.641,0.507,0.412,0.9,31510,4185876,81.645,0.615,45350,0.885,0.02,50.8,people tested,,,,,,,,,,67.59
South Korea,2021/01/05,65818,839,863.571,1027,20,21.143,1283.773,16.365,16.844,20.032,0.39,0.412,0.86,59734,4245610,82.81,1.165,45484,0.887,0.019,52.7,people tested,,,,,,,,,,67.59
South Korea,2021/01/06,66686,868,849.429,1046,19,20.857,1300.703,16.93,16.568,20.402,0.371,0.407,0.83,67176,4312786,84.12,1.31,46434,0.906,0.018,54.7,people tested,,,,,,,,,,67.59
South Korea,2021/01/07,67358,672,798.429,1081,35,23.429,1313.811,13.107,15.573,21.085,0.683,0.457,0.78,65261,4378047,85.393,1.273,47786,0.932,0.017,59.9,people tested,,,,,,,,,,63.89
South Korea,2021/01/08,67999,641,772.286,1100,19,22.571,1326.313,12.503,15.063,21.455,0.371,0.44,0.76,61505,4439552,86.593,1.2,49594,0.967,0.016,64.2,people tested,,,,,,,,,,63.89
South Korea,2021/01/09,68664,665,774.286,1125,25,23.286,1339.284,12.971,15.102,21.943,0.488,0.454,0.77,64141,4503693,87.844,1.251,54326,1.06,0.014,70.2,people tested,,,,,,,,,,63.89
South Korea,2021/01/10,69114,450,692.857,1140,15,22.714,1348.061,8.777,13.514,22.236,0.293,0.443,0.75,28317,4532010,88.396,0.552,53949,1.052,0.013,77.9,people tested,,,,,,,,,,63.89
South Korea,2021/01/11,69651,537,667.429,1165,25,22.571,1358.535,10.474,13.018,22.723,0.488,0.44,0.75,29912,4561922,88.98,0.583,53721,1.048,0.012,80.5,people tested,,,,,,,,,,63.89
South Korea,2021/01/12,70212,561,627.714,1185,20,22.571,1369.478,10.942,12.244,23.113,0.39,0.44,0.72,65393,4627315,90.255,1.275,54529,1.064,0.012,86.9,people tested,,,,,,,,,,63.89
South Korea,2021/01/13,70728,516,577.429,1195,10,21.286,1379.542,10.065,11.263,23.308,0.195,0.415,0.71,62083,4689398,91.466,1.211,53802,1.049,0.011,93.2,people tested,,,,,,,,,,63.89
South Korea,2021/01/14,71241,513,554.714,1217,22,19.429,1389.548,10.006,10.82,23.737,0.429,0.379,0.75,66219,4755617,92.758,1.292,53939,1.052,0.01,97.2,people tested,,,,,,,,,,63.89
South Korea,2021/01/15,71820,579,545.857,1236,19,19.429,1400.842,11.293,10.647,24.108,0.371,0.379,0.78,60135,4815752,93.931,1.173,53743,1.048,0.01,98.5,people tested,,,,,,,,,,63.89
South Korea,2021/01/16,72340,520,525.143,1249,13,17.714,1410.984,10.143,10.243,24.362,0.254,0.346,0.79,60879,4876631,95.118,1.187,53277,1.039,0.01,101.5,people tested,,,,,,,,,,63.89
South Korea,2021/01/17,72729,389,516.429,1264,15,17.714,1418.571,7.587,10.073,24.654,0.293,0.346,0.76,25274,4901905,95.611,0.493,52842,1.031,0.01,102.3,people tested,,,,,,,,,,63.89
South Korea,2021/01/18,73115,386,494.857,1283,19,16.857,1426.1,7.529,9.652,25.025,0.371,0.329,0.73,27280,4929185,96.143,0.532,52466,1.023,0.009,106,people tested,,,,,,,,,,63.89
South Korea,2021/01/19,73518,403,472.286,1300,17,16.429,1433.961,7.86,9.212,25.356,0.332,0.32,0.69,56796,4985981,97.251,1.108,51238,0.999,0.009,108.5,people tested,,,,,,,,,,63.89
South Korea,2021/01/20,73918,400,455.714,1316,16,17.286,1441.763,7.802,8.889,25.668,0.312,0.337,0.7,58007,5043988,98.382,1.131,50656,0.988,0.009,111.2,people tested,,,,,,,,,,63.89
South Korea,2021/01/21,74262,344,431.571,1328,12,15.857,1448.472,6.71,8.418,25.902,0.234,0.309,0.73,52550,5096538,99.407,1.025,48703,0.95,0.009,112.9,people tested,,,,,,,,,,63.89
South Korea,2021/01/22,74692,430,410.286,1337,9,14.429,1456.86,8.387,8.003,26.078,0.176,0.281,0.8,52554,5149092,100.432,1.025,47620,0.929,0.009,116.1,people tested,,,,,,,,,,63.89
South Korea,2021/01/23,75084,392,392,1349,12,14.286,1464.505,7.646,7.646,26.312,0.234,0.279,0.87,43986,5193078,101.29,0.858,45207,0.882,0.009,115.3,people tested,,,,,,,,,,63.89
South Korea,2021/01/24,75521,437,398.857,1360,11,13.714,1473.029,8.524,7.78,26.527,0.215,0.267,0.94,25506,5218584,101.788,0.497,45240,0.882,0.009,113.4,people tested,,,,,,,,,,63.89
South Korea,2021/01/25,75875,354,394.286,1371,11,12.571,1479.934,6.905,7.691,26.741,0.215,0.245,0.94,22953,5241537,102.236,0.448,44622,0.87,0.009,113.2,people tested,,,,,,,,,,63.89
South Korea,2021/01/26,76429,554,415.857,1378,7,11.143,1490.74,10.806,8.111,26.878,0.137,0.217,0.98,42607,5284144,103.067,0.831,42595,0.831,0.01,102.4,people tested,,,,,,,,,,63.89
South Korea,2021/01/27,76926,497,429.714,1386,8,10,1500.434,9.694,8.382,27.034,0.156,0.195,0.96,46676,5330820,103.977,0.91,40976,0.799,0.01,95.4,people tested,,,,,,,,,,63.89
South Korea,2021/01/28,77395,469,447.571,1399,13,10.143,1509.581,9.148,8.73,27.287,0.254,0.198,0.95,51945,5382765,104.99,1.013,40890,0.798,0.011,91.4,people tested,,,,,,,,,,63.89
South Korea,2021/01/29,77850,455,451.143,1414,15,11,1518.456,8.875,8.799,27.58,0.293,0.215,0.92,43746,5426511,105.844,0.853,39631,0.773,0.011,87.8,people tested,,,,,,,,,,63.89
South Korea,2021/01/30,78205,355,445.857,1420,6,10.143,1525.38,6.924,8.696,27.697,0.117,0.198,0.88,44224,5470735,106.706,0.863,39665,0.774,0.011,89,people tested,,,,,,,,,,63.89
South Korea,2021/01/31,78508,303,426.714,1425,5,9.286,1531.29,5.91,8.323,27.794,0.098,0.181,0.88,20535,5491270,107.107,0.401,38955,0.76,0.011,91.3,people tested,,,,,,,,,,63.89
South Korea,2021/02/01,78844,336,424.143,1435,10,9.143,1537.844,6.554,8.273,27.99,0.195,0.178,0.9,21116,5512386,107.519,0.412,38693,0.755,0.011,91.2,people tested,,,,,,,,,,63.89
South Korea,2021/02/02,79311,467,411.714,1441,6,9,1546.953,9.109,8.03,28.107,0.117,0.176,0.91,44762,5557148,108.392,0.873,39001,0.761,0.011,94.7,people tested,,,,,,,,,,63.89
South Korea,2021/02/03,79762,451,405.143,1448,7,8.857,1555.749,8.797,7.902,28.243,0.137,0.173,0.91,60717,5617865,109.576,1.184,41006,0.8,0.01,101.2,people tested,,,,,,,,,,63.89
South Korea,2021/02/04,80131,369,390.857,1459,11,8.571,1562.947,7.197,7.624,28.458,0.215,0.167,0.9,64692,5682557,110.838,1.262,42827,0.835,0.009,109.6,people tested,,,,,,,,,,63.89
South Korea,2021/02/05,80524,393,382,1464,5,7.143,1570.612,7.665,7.451,28.555,0.098,0.139,0.91,57164,5739721,111.953,1.115,44744,0.873,0.009,117.1,people tested,,,,,,,,,,63.89
South Korea,2021/02/06,80896,372,384.429,1471,7,7.286,1577.868,7.256,7.498,28.692,0.137,0.142,0.92,,,,,43838,0.855,0.009,114,people tested,,,,,,,,,,63.89
South Korea,2021/02/07,81185,289,382.429,1474,3,7,1583.505,5.637,7.459,28.75,0.059,0.137,0.92,,,,,46315,0.903,0.008,121.1,people tested,,,,,,,,,,63.89
South Korea,2021/02/08,81487,302,377.571,1482,8,6.714,1589.395,5.89,7.364,28.906,0.156,0.131,0.94,,5853354,114.169,,48710,0.95,0.008,129,people tested,,,,,,,,,,63.89
South Korea,2021/02/09,81930,443,374.143,1486,4,6.429,1598.036,8.641,7.298,28.984,0.078,0.125,0.99,,,,,48746,0.951,0.008,130.3,people tested,,,,,,,,,,63.89
South Korea,2021/02/10,82434,504,381.714,1496,10,6.857,1607.866,9.83,7.445,29.179,0.195,0.134,1.02,,,,,46502,0.907,0.008,121.8,people tested,,,,,,,,,,63.89
South Korea,2021/02/11,82837,403,386.571,1507,11,6.857,1615.727,7.86,7.54,29.394,0.215,0.134,0.99,,5988394,116.803,,43691,0.852,0.009,113,people tested,,,,,,,,,,63.89
South Korea,2021/02/12,83199,362,382.143,1514,7,7.143,1622.788,7.061,7.454,29.53,0.137,0.139,0.98,24114,6012508,117.273,0.47,38970,0.76,0.01,102,people tested,,,,,,,,,,63.89
South Korea,2021/02/13,83525,326,375.571,1522,8,7.286,1629.146,6.359,7.325,29.686,0.156,0.142,1,,,,,37085,0.723,0.01,98.7,people tested,,,,,,,,,,63.89
South Korea,2021/02/14,83869,344,383.429,1527,5,7.571,1635.856,6.71,7.479,29.784,0.098,0.148,1.09,,6061886,118.236,,35201,0.687,0.011,91.8,people tested,,,,,,,,,,63.89
South Korea,2021/02/15,84325,456,405.429,1534,7,7.429,1644.75,8.894,7.908,29.921,0.137,0.145,1.2,20828,6082714,118.643,0.406,32766,0.639,0.012,80.8,people tested,,,,,,,,,,63.89
South Korea,2021/02/16,84946,621,430.857,1538,4,7.429,1656.863,12.113,8.404,29.999,0.078,0.145,1.25,53879,6136593,119.694,1.051,34032,0.664,0.013,79,people tested,,,,,,,,,,63.89
South Korea,2021/02/17,85567,621,447.571,1544,6,6.857,1668.975,12.113,8.73,30.116,0.117,0.134,1.23,51564,6188157,120.699,1.006,34968,0.682,0.013,78.1,people tested,,,,,,,,,,63.89
South Korea,2021/02/18,86128,561,470.143,1550,6,6.143,1679.918,10.942,9.17,30.233,0.117,0.12,1.15,44337,6232494,121.564,0.865,34871,0.68,0.013,74.2,people tested,,,,,,,,,,63.89
South Korea,2021/02/19,86574,446,482.143,1553,3,5.571,1688.617,8.699,9.404,30.291,0.059,0.109,1.04,42382,6274876,122.391,0.827,37481,0.731,0.013,77.7,people tested,,,,,,,,,,63.89
South Korea,2021/02/20,86992,418,495.286,1557,4,5,1696.77,8.153,9.66,30.369,0.078,0.098,0.98,39618,6314494,123.164,0.773,39614,0.773,0.013,80,people tested,,,,,,,,,,63.89
South Korea,2021/02/21,87324,332,493.571,1562,5,5,1703.245,6.476,9.627,30.467,0.098,0.098,0.94,23490,6337984,123.622,0.458,39443,0.769,0.013,79.9,people tested,,,,,,,,,,63.89
South Korea,2021/02/22,87681,357,479.429,1573,11,5.571,1710.209,6.963,9.351,30.681,0.215,0.109,0.91,18699,6356683,123.986,0.365,39138,0.763,0.012,81.6,people tested,,,,,,,,,,63.89
South Korea,2021/02/23,88120,439,453.429,1576,3,5.429,1718.771,8.563,8.844,30.74,0.059,0.106,0.89,41931,6398614,124.804,0.818,37432,0.73,0.012,82.6,people tested,,,,,,,,,,63.89
South Korea,2021/02/24,88516,396,421.286,1581,5,5.286,1726.495,7.724,8.217,30.837,0.098,0.103,0.88,37386,6436000,125.534,0.729,35406,0.691,0.012,84,people tested,,,,,,,,,,63.89
South Korea,2021/02/25,88922,406,399.143,1585,4,5,1734.414,7.919,7.785,30.915,0.078,0.098,0.9,46542,6482542,126.441,0.908,35721,0.697,0.011,89.5,people tested,,,,,,,,,,63.89
South Korea,2021/02/26,89321,399,392.429,1595,10,6,1742.197,7.782,7.654,31.11,0.195,0.117,0.92,38582,6521124,127.194,0.753,35178,0.686,0.011,89.6,people tested,20308,20308,,,,0.04,0.04,,,63.89
South Korea,2021/02/27,89676,355,383.429,1603,8,6.571,1749.121,6.924,7.479,31.266,0.156,0.128,0.94,37102,6558226,127.918,0.724,34819,0.679,0.011,90.8,people tested,21732,21732,,1424,1424,0.04,0.04,,28,63.89
South Korea,2021/02/28,90031,355,386.714,1605,2,6.143,1756.045,6.924,7.543,31.305,0.039,0.12,0.97,17891,6576117,128.266,0.349,34019,0.664,0.011,88,people tested,22596,22596,,864,1144,0.04,0.04,,22,63.89
South Korea,2021/03/01,90372,341,384.429,1606,1,4.714,1762.696,6.651,7.498,31.325,0.02,0.092,0.96,15893,6592010,128.576,0.31,33618,0.656,0.011,87.4,people tested,24072,24072,,1476,1255,0.05,0.05,,24,58.33
South Korea,2021/03/02,90816,444,385.143,1612,6,5.143,1771.356,8.66,7.512,31.442,0.117,0.1,0.97,16534,6608544,128.899,0.322,29990,0.585,0.013,77.9,people tested,90485,90485,,66413,17544,0.18,0.18,,342,58.33
South Korea,2021/03/03,91240,424,389.143,1619,7,5.429,1779.627,8.27,7.59,31.578,0.137,0.106,0.97,41792,6650336,129.714,0.815,30619,0.597,0.013,78.7,people tested,159922,159922,,69437,27923,0.31,0.31,,545,58.33
South Korea,2021/03/04,91638,398,388,1627,8,6,1787.39,7.763,7.568,31.734,0.156,0.117,0.98,41475,6691811,130.523,0.809,29896,0.583,0.013,77.1,people tested,230261,230261,,70339,34992,0.45,0.45,,683,58.33
South Korea,2021/03/05,92055,417,390.571,1632,5,5.286,1795.523,8.134,7.618,31.832,0.098,0.103,1.01,33493,6725304,131.176,0.653,29169,0.569,0.013,74.7,people tested,300715,300715,,70454,40058,0.59,0.59,,781,58.33
South Korea,2021/03/06,92471,416,399.286,1634,2,4.429,1803.637,8.114,7.788,31.871,0.039,0.086,1.04,31468,6756772,131.79,0.614,28364,0.553,0.014,71,people tested,318723,318723,,18008,42427,0.62,0.62,,828,58.33
South Korea,2021/03/07,92817,346,398,1642,8,5.286,1810.386,6.749,7.763,32.027,0.156,0.103,1.06,19958,6776730,132.179,0.389,28659,0.559,0.014,72,people tested,320798,320798,,2075,42600,0.63,0.63,,831,58.33
South Korea,2021/03/08,93263,446,413,1645,3,5.571,1819.085,8.699,8.056,32.086,0.059,0.109,1.09,17685,6794415,132.524,0.345,28915,0.564,0.014,70,people tested,388227,388227,,67429,52022,0.76,0.76,,1015,58.33
South Korea,2021/03/09,93733,470,416.714,1648,3,5.143,1828.252,9.167,8.128,32.144,0.059,0.1,1.07,,,,,31893,0.622,0.013,76.5,people tested,451599,451599,,63372,51588,0.88,0.88,,1006,58.33
South Korea,2021/03/10,94198,465,422.571,1652,4,4.714,1837.322,9.07,8.242,32.222,0.078,0.092,1.06,,,,,31262,0.61,0.014,74,people tested,505614,505614,,54015,49385,0.99,0.99,,963,58.33
South Korea,2021/03/11,94686,488,435.429,1662,10,5,1846.84,9.518,8.493,32.417,0.195,0.098,1.07,,,,,30677,0.598,0.014,70.5,people tested,550057,550057,,44443,45685,1.07,1.07,,891,58.33
South Korea,2021/03/12,95176,490,445.857,1667,5,5,1856.398,9.557,8.696,32.515,0.098,0.098,1.07,,6943926,135.441,,31232,0.609,0.014,70,people tested,588147,588147,,38090,41062,1.15,1.15,,801,58.33
South Korea,2021/03/13,95635,459,452,1669,2,5,1865.351,8.953,8.816,32.554,0.039,0.098,1.06,,,,,30042,0.586,0.015,66.5,people tested,591982,591982,,3835,39037,1.15,1.15,,761,58.33
South Korea,2021/03/14,96017,382,457.143,1675,6,4.714,1872.801,7.451,8.917,32.671,0.117,0.092,1.03,,,,,30497,0.595,0.015,66.7,people tested,593152,593152,,1170,38908,1.16,1.16,,759,58.33
South Korea,2021/03/15,96380,363,445.286,1678,3,4.714,1879.882,7.08,8.685,32.729,0.059,0.092,1,,7013350,136.795,,31276,0.61,0.014,70.2,people tested,605603,605603,,12451,31054,1.18,1.18,,606,58.33
South Korea,2021/03/16,96849,469,445.143,1686,8,5.429,1889.03,9.148,8.682,32.885,0.156,0.106,0.99,,,,,31767,0.62,0.014,71.4,people tested,624431,624431,,18828,24690,1.22,1.22,,482,58.33
South Korea,2021/03/17,97294,445,442.286,1688,2,5.143,1897.709,8.68,8.627,32.924,0.039,0.1,0.98,,,,,32258,0.629,0.014,72.9,people tested,644216,644216,,19785,19800,1.26,1.26,,386,58.33
South Korea,2021/03/18,97757,463,438.714,1690,2,4,1906.74,9.031,8.557,32.963,0.039,0.078,1,,,,,32748,0.639,0.013,74.6,people tested,663498,663498,,19282,16206,1.29,1.29,,316,58.33
South Korea,2021/03/19,98209,452,433.286,1693,3,3.714,1915.556,8.816,8.451,33.022,0.059,0.072,1.01,,7176600,139.979,,33239,0.648,0.013,76.7,people tested,680301,680301,,16803,13165,1.33,1.33,,257,58.33
South Korea,2021/03/20,98665,456,432.857,1696,3,3.857,1924.45,8.894,8.443,33.08,0.059,0.075,1.03,,,,,33563,0.655,0.013,77.5,people tested,681849,681536,313,1548,12838,1.33,1.33,0,250,58.33
South Korea,2021/03/21,99075,410,436.857,1697,1,3.143,1932.447,7.997,8.521,33.1,0.02,0.061,1.02,,,,,33888,0.661,0.013,77.6,people tested,682129,681536,593,280,12711,1.33,1.33,0,248,58.33
South Korea,2021/03/22,99421,346,434.429,1704,7,3.714,1939.196,6.749,8.473,33.236,0.137,0.072,0.97,,7252832,141.466,,34212,0.667,0.013,78.8,people tested,686089,685206,883,3960,11498,1.34,1.34,0,224,58.33
South Korea,2021/03/23,99846,425,428.143,1707,3,3,1947.486,8.29,8.351,33.295,0.059,0.059,0.96,47986,7300818,142.402,0.936,35236,0.687,0.012,82.3,people tested,708466,706968,1498,22377,12005,1.38,1.38,0,234,58.33
South Korea,2021/03/24,100276,430,426,1709,2,3,1955.873,8.387,8.309,33.334,0.039,0.059,0.99,,,,,36410,0.71,0.012,85.5,people tested,740167,737475,2692,31701,13707,1.44,1.44,0.01,267,58.33
South Korea,2021/03/25,100770,494,430.429,1716,7,3.714,1965.508,9.635,8.395,33.47,0.137,0.072,1.04,,7398876,144.314,,37584,0.733,0.011,87.3,people tested,775713,771879,3834,35546,16031,1.51,1.51,0.01,313,58.33
South Korea,2021/03/26,101275,505,438,1721,5,4,1975.358,9.85,8.543,33.568,0.098,0.078,1.07,53118,7451994,145.35,1.036,39342,0.767,0.011,89.8,people tested,801878,796645,5233,26165,17368,1.56,1.55,0.01,339,58.33
South Korea,2021/03/27,101757,482,441.714,1722,1,3.714,1984.76,9.401,8.616,33.587,0.02,0.072,1.08,45400,7497394,146.236,0.886,42198,0.823,0.01,95.5,people tested,803159,797926,5233,1281,17330,1.57,1.56,0.01,338,58.33
South Korea,2021/03/28,102141,384,438,1726,4,4.143,1992.249,7.49,8.543,33.665,0.078,0.081,1.07,19597,7516991,146.618,0.382,41367,0.807,0.011,94.4,people tested,803204,797971,5233,45,17296,1.57,1.56,0.01,337,58.33
South Korea,2021/03/29,102582,441,451.571,1729,3,3.571,2000.851,8.602,8.808,33.724,0.059,0.07,1.09,20402,7537393,147.016,0.398,40652,0.793,0.011,90,people tested,832044,825892,6152,28840,20851,1.62,1.61,0.01,407,58.33
South Korea,2021/03/30,103088,506,463.143,1731,2,3.429,2010.721,9.869,9.034,33.763,0.039,0.067,1.08,48182,7585575,147.956,0.94,40680,0.793,0.011,87.8,people tested,864043,855855,8188,31999,22225,1.69,1.67,0.02,433,58.33
South Korea,2021/03/31,103639,551,480.429,1735,4,3.714,2021.468,10.747,9.371,33.841,0.078,0.072,1.1,50923,7636498,148.949,0.993,40950,0.799,0.012,85.2,people tested,892934,879957,12977,28891,21824,1.74,1.72,0.03,426,58.33
South Korea,2021/04/01,104194,555,489.143,1737,2,3,2032.293,10.825,9.541,33.88,0.039,0.059,1.11,42146,7678644,149.771,0.822,39967,0.78,0.012,81.7,people tested,937746,917502,20244,44812,23148,1.83,1.79,0.04,451,58.33
South Korea,2021/04/02,104736,542,494.429,1740,3,2.714,2042.865,10.572,9.644,33.939,0.059,0.053,1.12,38899,7717543,150.53,0.759,37936,0.74,0.013,76.7,people tested,983826,956986,26840,46080,25993,1.92,1.87,0.05,507,58.33
South Korea,2021/04/03,105279,543,503.143,1744,4,3.143,2053.456,10.591,9.814,34.017,0.078,0.061,1.13,36770,7754313,151.247,0.717,36703,0.716,0.014,72.9,people tested,992954,965570,27384,9128,27114,1.94,1.88,0.05,529,58.33
South Korea,2021/04/04,105752,473,515.857,1748,4,3.143,2062.682,9.226,10.062,34.095,0.078,0.061,1.14,15364,7769677,151.547,0.3,36098,0.704,0.014,70,people tested,993650,966200,27450,696,27207,1.94,1.88,0.05,531,58.33
South Korea,2021/04/05,106230,478,521.143,1752,4,3.286,2072.005,9.323,10.165,34.173,0.078,0.064,1.15,18646,7788323,151.91,0.364,35847,0.699,0.015,68.8,people tested,1030867,1003100,27767,37217,28403,2.01,1.96,0.05,554,58.33
South Korea,2021/04/06,106898,668,544.286,1756,4,3.571,2085.034,13.029,10.616,34.251,0.078,0.07,1.18,53812,7842135,152.96,1.05,36651,0.715,0.015,67.3,people tested,1075471,1041960,33511,44604,30204,2.1,2.03,0.07,589,58.33
South Korea,2021/04/07,107598,700,565.571,1758,2,3.286,2098.688,13.653,11.031,34.29,0.039,0.064,1.19,49390,7891525,153.923,0.963,36432,0.711,0.016,64.4,people tested,1122369,1079617,42752,46898,32776,2.19,2.11,0.08,639,58.33
South Korea,2021/04/08,108269,671,582.143,1764,6,3.857,2111.775,13.088,11.355,34.407,0.117,0.075,1.17,42902,7934427,154.76,0.837,36540,0.713,0.016,62.8,people tested,1169032,1116780,52252,46663,33041,2.28,2.18,0.1,644,58.33
South Korea,2021/04/09,108945,676,601.286,1765,1,3.571,2124.961,13.185,11.728,34.426,0.02,0.07,1.16,42774,7977201,155.594,0.834,37094,0.724,0.016,61.7,people tested,1209965,1150427,59538,40933,32306,2.36,2.24,0.12,630,58.33
South Korea,2021/04/10,109559,614,611.429,1768,3,3.429,2136.937,11.976,11.926,34.485,0.059,0.067,1.14,39415,8016616,156.363,0.769,37472,0.731,0.016,61.3,people tested,1219852,1159225,60627,9887,32414,2.38,2.26,0.12,632,58.33
South Korea,2021/04/11,110146,587,627.714,1770,2,3.143,2148.386,11.449,12.244,34.524,0.039,0.061,1.14,21007,8037623,156.773,0.41,38278,0.747,0.016,61,people tested,1220157,1159530,60627,305,32358,2.38,2.26,0.12,631,58.33
South Korea,2021/04/12,110688,542,636.857,1775,5,3.286,2158.958,10.572,12.422,34.621,0.098,0.064,1.11,19912,8057535,157.161,0.388,38459,0.75,0.017,60.4,people tested,1258496,1197844,60652,38339,32518,2.45,2.34,0.12,634,58.33
South Korea,2021/04/13,111419,731,645.857,1782,7,3.714,2173.216,14.258,12.597,34.758,0.137,0.072,1.1,57400,8114935,158.281,1.12,38971,0.76,0.017,60.3,people tested,1302895,1242239,60656,44399,32489,2.54,2.42,0.12,634,58.33
South Korea,2021/04/14,112117,698,645.571,1788,6,4.286,2186.83,13.614,12.592,34.875,0.117,0.084,1.07,55826,8170761,159.37,1.089,39891,0.778,0.016,61.8,people tested,1349463,1288804,60659,46568,32442,2.63,2.51,0.12,633,58.33
South Korea,2021/04/15,112789,672,645.714,1790,2,3.714,2199.938,13.107,12.595,34.914,0.039,0.072,1.05,50144,8220905,160.348,0.978,40925,0.798,0.016,63.4,people tested,1443250,1382588,60662,93787,39174,2.82,2.7,0.12,764,58.33
South Korea,2021/04/16,113444,655,642.714,1794,4,4.143,2212.713,12.776,12.536,34.992,0.078,0.081,1.05,41544,8262449,161.158,0.81,40750,0.795,0.016,63.4,people tested,1546968,1486106,60862,103718,48143,3.02,2.9,0.12,939,58.33
South Korea,2021/04/17,114115,671,650.857,1797,3,4.143,2225.801,13.088,12.695,35.05,0.059,0.081,1.06,,,,,39005,0.761,0.017,59.9,people tested,1576378,1515516,60862,29410,50932,3.07,2.96,0.12,993,58.33
South Korea,2021/04/18,114646,531,642.857,1801,4,4.429,2236.158,10.357,12.539,35.128,0.078,0.086,1.05,,,,,39890,0.778,0.016,62.1,people tested,1581244,1520382,60862,4866,51584,3.08,2.97,0.12,1006,58.33
South Korea,2021/04/19,115195,549,643.857,1802,1,3.857,2246.866,10.708,12.558,35.148,0.02,0.075,1.05,,8344058,162.75,,40932,0.798,0.016,63.6,people tested,1704207,1643343,60864,122963,63673,3.32,3.21,0.12,1242,58.33
South Korea,2021/04/20,115926,731,643.857,1806,4,3.429,2261.124,14.258,12.558,35.226,0.078,0.067,1.06,47944,8392002,163.685,0.935,39581,0.772,0.016,61.5,people tested,1835583,1774706,60877,131376,76098,3.58,3.46,0.12,1484,58.33
South Korea,2021/04/21,116661,735,649.143,1808,2,2.857,2275.46,14.336,12.661,35.265,0.039,0.056,1.08,38381,8430383,164.434,0.749,37089,0.723,0.018,57.1,people tested,1968265,1907362,60903,132682,88400,3.84,3.72,0.12,1724,58.33
South Korea,2021/04/22,117458,797,667,1811,3,3,2291.006,15.545,13.01,35.323,0.059,0.059,1.09,39983,8470366,165.214,0.78,35637,0.695,0.019,53.4,people tested,2118705,2039261,79444,150440,96494,4.13,3.98,0.15,1882,58.33
South Korea,2021/04/23,118243,785,685.571,1812,1,2.571,2306.317,15.311,13.372,35.343,0.02,0.05,1.07,43225,8513591,166.057,0.843,35877,0.7,0.019,52.3,people tested,2298556,2199496,99060,179851,107370,4.48,4.29,0.19,2094,58.33
South Korea,2021/04/24,118887,644,681.714,1813,1,2.286,2318.878,12.561,13.297,35.362,0.02,0.045,1.02,41063,8554654,166.858,0.801,37857,0.738,0.018,55.5,people tested,2369434,2264601,104833,70878,113294,4.62,4.42,0.2,2210,58.33
South Korea,2021/04/25,119387,500,677.286,1817,4,2.286,2328.631,9.752,13.21,35.44,0.078,0.045,0.99,22577,8577231,167.298,0.44,37197,0.726,0.018,54.9,people tested,2376089,2270889,105200,6655,113549,4.63,4.43,0.21,2215,58.33
South Korea,2021/04/26,119898,511,671.857,1820,3,2.571,2338.598,9.967,13.105,35.499,0.059,0.05,0.98,17664,8594895,167.643,0.345,35834,0.699,0.019,53.3,people tested,2540509,2413706,126803,164420,119472,4.96,4.71,0.25,2330,58.33
South Korea,2021/04/27,120673,775,678.143,1821,1,2.143,2353.714,15.116,13.227,35.518,0.02,0.042,0.99,50206,8645101,168.622,0.979,36157,0.705,0.019,53.3,people tested,2739304,2590711,148593,198795,129103,5.34,5.05,0.29,2518,58.33
South Korea,2021/04/28,121351,678,670,1825,4,2.429,2366.938,13.224,13.068,35.596,0.078,0.047,0.97,44231,8689332,169.485,0.863,36993,0.722,0.018,55.2,people tested,2991879,2822841,169038,252575,146231,5.84,5.51,0.33,2852,58.33
South Korea,2021/04/29,122007,656,649.857,1828,3,2.429,2379.734,12.795,12.675,35.655,0.059,0.047,0.95,36055,8725387,170.188,0.703,36432,0.711,0.018,56.1,people tested,3284202,3085124,199078,292323,166500,6.41,6.02,0.39,3248,58.33
South Korea,2021/04/30,122634,627,627.286,1831,3,2.714,2391.963,12.23,12.235,35.713,0.059,0.053,0.94,40394,8765781,170.976,0.788,36027,0.703,0.017,57.4,people tested,3590955,3362120,228835,306753,184628,7,6.56,0.45,3601,58.33
South Korea,2021/05/01,123240,606,621.857,1833,2,2.857,2403.783,11.82,12.129,35.752,0.039,0.056,0.96,32395,8798176,171.607,0.632,34789,0.679,0.018,55.9,people tested,3638819,3402271,236548,47864,181341,7.1,6.64,0.46,3537,58.33
South Korea,2021/05/02,123728,488,620.143,1834,1,2.429,2413.302,9.518,12.096,35.772,0.02,0.047,0.96,13451,8811627,171.87,0.262,33485,0.653,0.019,54,people tested,3640694,3403832,236862,1875,180658,7.1,6.64,0.46,3524,58.33
South Korea,2021/05/03,124269,541,624.429,1840,6,2.857,2423.854,10.552,12.179,35.889,0.117,0.056,0.96,14677,8826304,172.156,0.286,33058,0.645,0.019,52.9,people tested,3757420,3489977,267443,116726,173844,7.33,6.81,0.52,3391,52.78
South Korea,2021/05/04,124945,676,610.286,1847,7,3.714,2437.039,13.185,11.904,36.026,0.137,0.072,0.93,52755,8879059,173.185,1.029,33423,0.652,0.018,54.8,people tested,3863433,3564751,298682,106013,160590,7.54,6.95,0.58,3132,52.78
South Korea,2021/05/05,125519,574,595.429,1851,4,3.714,2448.235,11.196,11.614,36.104,0.078,0.072,0.9,36015,8915074,173.888,0.702,32249,0.629,0.018,54.2,people tested,3894086,3570092,323994,30653,128887,7.6,6.96,0.63,2514,52.78
South Korea,2021/05/06,126044,525,576.714,1860,9,4.571,2458.475,10.24,11.249,36.279,0.176,0.089,0.91,18863,8933937,174.255,0.368,29793,0.581,0.019,51.7,people tested,4025076,3627564,397512,130990,105839,7.85,7.08,0.78,2064,50
South Korea,2021/05/07,126745,701,587.286,1865,5,4.857,2472.148,13.673,11.455,36.377,0.098,0.095,0.97,38521,8972458,175.007,0.751,29525,0.576,0.02,50.3,people tested,4149888,3675560,474328,124812,79848,8.09,7.17,0.93,1557,50
South Korea,2021/05/08,127309,564,581.286,1874,9,5.857,2483.149,11.001,11.338,36.552,0.176,0.114,0.98,38449,9010907,175.757,0.75,30390,0.593,0.019,52.3,people tested,4189543,3687668,501875,39655,78675,8.17,7.19,0.98,1535,50
South Korea,2021/05/09,127772,463,577.714,1875,1,5.857,2492.179,9.031,11.268,36.572,0.02,0.114,0.98,13584,9024491,176.022,0.265,30409,0.593,0.019,52.6,people tested,4194281,3687671,506610,4738,79084,8.18,7.19,0.99,1543,50
South Korea,2021/05/10,128283,511,573.429,1879,4,5.571,2502.146,9.967,11.185,36.65,0.078,0.109,1,14170,9038661,176.298,0.276,30337,0.592,0.019,52.9,people tested,4285317,3701131,584186,91036,75414,8.36,7.22,1.14,1471,50
South Korea,2021/05/11,128918,635,567.571,1884,5,5.286,2514.532,12.386,11.07,36.747,0.098,0.103,1.01,40995,9079656,177.098,0.8,28657,0.559,0.02,50.5,people tested,4374650,3709670,664980,89333,73031,8.53,7.24,1.3,1424,50
South Korea,2021/05/12,129633,715,587.714,1891,7,5.714,2528.478,13.946,11.463,36.884,0.137,0.111,1.06,37604,9117260,177.831,0.733,28884,0.563,0.02,49.1,people tested,4463636,3715760,747876,88986,81364,8.71,7.25,1.46,1587,50
South Korea,2021/05/13,130380,747,619.429,1893,2,4.714,2543.048,14.57,12.082,36.923,0.039,0.092,1.08,36376,9153636,178.541,0.71,31386,0.612,0.02,50.7,people tested,4550268,3724395,825873,86632,75027,8.88,7.26,1.61,1463,50
South Korea,2021/05/14,131061,681,616.571,1896,3,4.429,2556.331,13.283,12.026,36.981,0.059,0.086,1.06,32447,9186083,179.174,0.633,30518,0.595,0.02,49.5,people tested,4641290,3735291,905999,91022,70200,9.05,7.29,1.77,1369,50
South Korea,2021/05/15,131671,610,623.143,1900,4,3.714,2568.229,11.898,12.154,37.059,0.078,0.072,1.06,33795,9219878,179.833,0.659,29853,0.582,0.021,47.9,people tested,4672744,3736585,936159,31454,69029,9.11,7.29,1.83,1346,50
South Korea,2021/05/16,132290,619,645.429,1903,3,4,2580.302,12.074,12.589,37.118,0.059,0.078,1.05,15073,9234951,180.127,0.294,30066,0.586,0.021,46.6,people tested,4677739,3736592,941147,4995,69065,9.12,7.29,1.84,1347,50
South Korea,2021/05/17,132818,528,647.857,1904,1,3.571,2590.601,10.299,12.636,37.137,0.02,0.07,1.01,16545,9251496,180.449,0.323,30405,0.593,0.021,46.9,people tested,4791483,3749957,1041526,113744,72309,9.35,7.31,2.03,1410,50
South Korea,2021/05/18,133471,653,650.429,1912,8,4,2603.338,12.737,12.687,37.293,0.156,0.078,0.96,40095,9291591,181.232,0.782,30276,0.591,0.021,46.5,people tested,4945843,3762423,1183420,154360,81599,9.65,7.34,2.31,1592,50
South Korea,2021/05/19,134117,646,640.571,1916,4,3.571,2615.938,12.6,12.494,37.371,0.078,0.07,0.94,32559,9324150,181.867,0.635,29556,0.576,0.022,46.1,people tested,5040729,3764238,1276491,94886,82442,9.83,7.34,2.49,1608,50
South Korea,2021/05/20,134678,561,614,1922,6,4.143,2626.88,10.942,11.976,37.488,0.117,0.081,0.94,14335,9338485,182.146,0.28,26407,0.515,0.023,43,people tested,5264217,3776489,1487728,223488,101993,10.27,7.37,2.9,1989,50
South Korea,2021/05/21,135344,666,611.857,1926,4,4.286,2639.87,12.99,11.934,37.566,0.078,0.084,0.97,34479,9372964,182.819,0.673,26697,0.521,0.023,43.6,people tested,5504109,3790911,1713198,239892,123260,10.74,7.39,3.34,2404,50
South Korea,2021/05/22,135929,585,608.286,1931,5,4.429,2651.281,11.41,11.865,37.664,0.098,0.086,1,30444,9403408,183.412,0.594,26219,0.511,0.023,43.1,people tested,5545002,3796042,1748960,40893,124608,10.82,7.4,3.41,2430,50
South Korea,2021/05/23,136467,538,596.714,1934,3,4.429,2661.774,10.494,11.639,37.722,0.059,0.086,1.01,10656,9414064,183.62,0.208,25588,0.499,0.023,42.9,people tested,5547926,3796260,1751666,2924,124312,10.82,7.4,3.42,2425,50
South Korea,2021/05/24,136983,516,595,1938,4,4.857,2671.839,10.065,11.605,37.8,0.078,0.095,1,18845,9432909,183.988,0.368,25916,0.505,0.023,43.6,people tested,5724757,3868087,1856670,176831,133325,11.17,7.54,3.62,2600,50
South Korea,2021/05/25,137682,699,601.571,1940,2,4,2685.473,13.634,11.734,37.839,0.039,0.078,0.98,42720,9475629,184.821,0.833,26291,0.513,0.023,43.7,people tested,5896458,3946305,1950153,171701,135802,11.5,7.7,3.8,2649,50
South Korea,2021/05/26,138311,629,599.143,1943,3,3.857,2697.741,12.269,11.686,37.898,0.059,0.075,0.94,32760,9508389,185.46,0.639,26320,0.513,0.023,43.9,people tested,6051845,4034012,2017833,155387,144445,11.8,7.87,3.94,2817,50
South Korea,2021/05/27,138898,587,602.857,1946,3,3.429,2709.191,11.449,11.759,37.957,0.059,0.067,0.91,34645,9543034,186.136,0.676,29221,0.57,0.021,48.5,people tested,6768843,4695819,2073024,716998,214947,13.2,9.16,4.04,4193,50
South Korea,2021/05/28,139431,533,583.857,1951,5,3.571,2719.587,10.396,11.388,38.054,0.098,0.07,0.89,36550,9579584,186.849,0.713,29517,0.576,0.02,50.6,people tested,7378914,5240696,2138218,610071,267829,14.39,10.22,4.17,5224,50
South Korea,2021/05/29,139910,479,568.714,1957,6,3.714,2728.93,9.343,11.093,38.171,0.117,0.072,0.91,30217,9609801,187.438,0.589,29485,0.575,0.019,51.8,people tested,7552409,5405311,2147098,173495,286772,14.73,10.54,4.19,5593,50
South Korea,2021/05/30,140340,430,553.286,1959,2,3.571,2737.317,8.387,10.792,38.21,0.039,0.07,0.95,11320,9621121,187.659,0.221,29580,0.577,0.019,53.5,people tested,7557225,5410040,2147185,4816,287043,14.74,10.55,4.19,5599,50
South Korea,2021/05/31,140799,459,545.143,1963,4,3.571,2746.27,8.953,10.633,38.288,0.078,0.07,0.99,12084,9633205,187.895,0.236,28614,0.558,0.019,52.5,people tested,7971426,5796930,2174496,414201,320953,15.55,11.31,4.24,6260,50
South Korea,2021/06/01,141476,677,542,1965,2,3.571,2759.474,13.205,10.572,38.327,0.039,0.07,1.03,37585,9670790,188.628,0.733,27880,0.544,0.019,51.4,people tested,8565375,6364473,2200902,593949,381274,16.71,12.41,4.29,7437,50
South Korea,2021/06/02,142157,681,549.429,1968,3,3.571,2772.757,13.283,10.717,38.386,0.059,0.07,1.06,34643,9705433,189.303,0.676,28149,0.549,0.02,51.2,people tested,8971101,6747444,2223657,405726,417037,17.5,13.16,4.34,8134,50
South Korea,2021/06/03,142852,695,564.857,1969,1,3.286,2786.313,13.556,11.017,38.405,0.02,0.064,1.08,37069,9742502,190.026,0.723,28495,0.556,0.02,50.4,people tested,9340766,7091360,2249406,369665,367418,18.22,13.83,4.39,7166,50
South Korea,2021/06/04,143596,744,595,1971,2,2.857,2800.825,14.512,11.605,38.444,0.039,0.056,1.07,34978,9777480,190.709,0.682,28271,0.551,0.021,47.5,people tested,9739738,7460409,2279329,398972,337261,19,14.55,4.45,6578,50
South Korea,2021/06/05,144152,556,606,1973,2,2.286,2811.67,10.845,11.82,38.483,0.039,0.045,1.03,31310,9808790,191.319,0.611,28427,0.554,0.021,46.9,people tested,9882187,7600491,2281696,142449,332825,19.28,14.82,4.45,6492,50
South Korea,2021/06/06,144637,485,613.857,1974,1,2.143,2821.129,9.46,11.973,38.503,0.02,0.042,0.99,14442,9823232,191.601,0.282,28873,0.563,0.021,47,people tested,9885155,7603459,2281696,2968,332561,19.28,14.83,4.45,6487,50
South Korea,2021/06/07,145091,454,613.143,1975,1,1.714,2829.985,8.855,11.959,38.522,0.02,0.033,0.95,12539,9835771,191.846,0.245,28938,0.564,0.021,47.2,people tested,10800475,8498150,2302325,915320,404150,21.07,16.58,4.49,7883,50
South Korea,2021/06/08,145692,601,602.286,1977,2,1.714,2841.707,11.722,11.748,38.561,0.039,0.033,0.92,33553,9869324,192.5,0.654,28362,0.553,0.021,47.1,people tested,11572837,9244753,2328084,772362,429637,22.57,18.03,4.54,8380,50
South Korea,2021/06/09,146303,611,592.286,1979,2,1.571,2853.625,11.917,11.552,38.6,0.039,0.031,0.92,44035,9913359,193.359,0.859,29704,0.579,0.02,50.2,people tested,12191448,9838845,2352603,618611,460050,23.78,19.19,4.59,8973,50
South Korea,2021/06/10,146859,556,572.429,1981,2,1.714,2864.469,10.845,11.165,38.639,0.039,0.033,0.9,33176,9946535,194.006,0.647,29148,0.569,0.02,50.9,people tested,12994137,10606406,2640454,802689,521910,25.34,20.69,5.15,10180,50
South Korea,2021/06/11,147422,563,546.571,1982,1,1.571,2875.451,10.981,10.661,38.659,0.02,0.031,0.9,30776,9977311,194.606,0.6,28547,0.557,0.019,52.2,people tested,13856611,11433498,2877884,862474,588125,27.03,22.3,5.61,11471,50
South Korea,2021/06/12,147874,452,531.714,1985,3,1.714,2884.267,8.816,10.371,38.717,0.059,0.033,0.89,41024,10018335,195.407,0.8,29935,0.584,0.018,56.3,people tested,14250616,11822520,2997082,394005,624061,27.8,23.06,5.85,12172,50
South Korea,2021/06/13,148273,399,519.429,1988,3,2,2892.049,7.782,10.131,38.776,0.059,0.039,0.9,10055,10028390,195.603,0.196,29308,0.572,0.018,56.4,people tested,14278699,11850388,3009068,28083,627649,27.85,23.11,5.87,12242,50
South Korea,2021/06/14,148647,374,508,1992,4,2.429,2899.344,7.295,9.908,38.854,0.078,0.047,0.89,13683,10042073,195.87,0.267,29472,0.575,0.017,58,people tested,15135018,12619888,3267838,856319,619220,29.52,24.61,6.37,12078,50
South Korea,2021/06/15,149191,544,499.857,1993,1,2.286,2909.955,10.611,9.75,38.873,0.02,0.045,0.89,30733,10072806,196.469,0.599,29069,0.567,0.017,58.2,people tested,15879049,13267115,3477063,744031,615173,30.97,25.88,6.78,11999,50
South Korea,2021/06/16,149731,540,489.714,1994,1,2.143,2920.487,10.533,9.552,38.893,0.02,0.042,0.9,37814,10110620,197.207,0.738,28180,0.55,0.017,57.5,people tested,16552639,13835548,3759931,673590,623027,32.29,26.99,7.33,12152,50
South Korea,2021/06/17,150238,507,482.714,1996,2,2.143,2930.376,9.889,9.415,38.932,0.039,0.042,0.9,25897,10136517,197.712,0.505,27140,0.529,0.018,56.2,people tested,17099641,14278821,3889442,547002,586501,33.35,27.85,7.59,11440,50
South Korea,2021/06/18,150720,482,471.143,1997,1,2.143,2939.778,9.401,9.19,38.951,0.02,0.042,0.91,31694,10168211,198.33,0.618,27271,0.532,0.017,57.9,people tested,17733847,14816042,4017253,634206,553891,34.59,28.9,7.84,10804,50
South Korea,2021/06/19,151149,429,467.857,2002,5,2.429,2948.145,8.368,9.126,39.049,0.098,0.047,0.94,26222,10194433,198.841,0.511,25157,0.491,0.019,53.8,people tested,17967159,15032368,4053266,233312,530935,35.04,29.32,7.91,10356,50
South Korea,2021/06/20,151506,357,461.857,2004,2,2.286,2955.109,6.963,9.008,39.088,0.039,0.045,0.97,10139,10204572,199.039,0.198,25169,0.491,0.018,54.5,people tested,17968487,15032981,4054402,1328,527113,35.05,29.32,7.91,10281,50
South Korea,2021/06/21,151901,395,464.857,2006,2,2,2962.813,7.704,9.067,39.127,0.039,0.039,1.03,13042,10217614,199.293,0.254,25077,0.489,0.019,53.9,people tested,18130216,15080420,4171874,161729,427885,35.36,29.41,8.14,8346,50
South Korea,2021/06/22,152545,644,479.143,2007,1,2,2975.374,12.561,9.346,39.146,0.02,0.039,1.09,35302,10252916,199.982,0.689,25730,0.502,0.019,53.7,people tested,18301911,15129210,4297256,171695,346123,35.7,29.51,8.38,6751,50
South Korea,2021/06/23,153155,610,489.143,2008,1,2,2987.272,11.898,9.541,39.166,0.02,0.039,1.12,27242,10280158,200.513,0.531,24220,0.472,0.02,49.5,people tested,18465292,15173336,4417603,163381,273236,36.02,29.6,8.62,5329,50
South Korea,2021/06/24,153789,634,507.286,2009,1,1.857,2999.638,12.366,9.895,39.185,0.02,0.036,1.15,37653,10317811,201.248,0.734,25899,0.505,0.02,51.1,people tested,18618281,15218987,4525490,152989,216949,36.31,29.68,8.83,4232,50
South Korea,2021/06/25,154457,668,533.857,2012,3,2.143,3012.667,13.029,10.413,39.244,0.059,0.042,1.17,26546,10344357,201.766,0.518,25164,0.491,0.021,47.1,people tested,18778512,15282759,4622369,160231,149238,36.63,29.81,9.02,2911,50
South Korea,2021/06/26,155071,614,560.286,2013,1,1.571,3024.643,11.976,10.928,39.263,0.02,0.031,1.19,36586,10380943,202.479,0.714,26644,0.52,0.021,47.6,people tested,18813302,15293984,4646023,34790,120878,36.7,29.83,9.06,2358,50
South Korea,2021/06/27,155572,501,580.857,2015,2,1.571,3034.415,9.772,11.33,39.302,0.039,0.031,1.19,11359,10392302,202.701,0.222,26819,0.523,0.022,46.2,people tested,18814042,15293990,4646763,740,120794,36.7,29.83,9.06,2356,50
South Korea,2021/06/28,156167,595,609.429,2017,2,1.571,3046.021,11.605,11.887,39.341,0.039,0.031,1.21,13784,10406086,202.97,0.269,26925,0.525,0.023,44.2,people tested,18971403,15307244,4791330,157361,120170,37,29.86,9.35,2344,50
South Korea,2021/06/29,156961,794,630.857,2018,1,1.571,3061.508,15.487,12.305,39.361,0.02,0.031,1.2,32797,10438883,203.609,0.64,26567,0.518,0.024,42.1,people tested,19132430,15323967,4936301,161027,118646,37.32,29.89,9.63,2314,50
South Korea,2021/06/30,157723,762,652.571,2021,3,1.857,3076.37,14.863,12.728,39.419,0.059,0.036,1.2,26079,10464962,204.118,0.509,26401,0.515,0.025,40.5,people tested,19283420,15338666,5073327,150990,116875,37.61,29.92,9.9,2280,50
South Korea,2021/07/01,158549,826,680,2024,3,2.143,3092.482,16.111,13.263,39.478,0.059,0.042,1.22,24430,10489392,204.594,0.477,24512,0.478,0.028,36,people tested,19407837,15343065,5193906,124417,112794,37.85,29.93,10.13,2200,38.43
South Korea,2021/07/02,159342,793,697.857,2025,1,1.857,3107.949,15.467,13.612,39.497,0.02,0.036,1.22,21545,10510937,205.015,0.42,23797,0.464,0.029,34.1,people tested,19533306,15348098,5314689,125469,107828,38.1,29.94,10.37,2103,38.43
South Korea,2021/07/03,160084,742,716.143,2026,1,1.857,3122.422,14.473,13.968,39.517,0.02,0.036,1.25,25771,10536708,205.517,0.503,22252,0.434,0.032,31.1,people tested,19551556,15349564,5331679,18250,105465,38.14,29.94,10.4,2057,38.43
South Korea,2021/07/04,160795,711,746.143,2028,2,1.857,3136.289,13.868,14.553,39.556,0.039,0.036,1.3,12120,10548828,205.754,0.236,22361,0.436,0.033,30,people tested,19552202,15349564,5332325,646,105451,38.14,29.94,10.4,2057,38.43
South Korea,2021/07/05,161541,746,767.714,2032,4,2.143,3150.84,14.551,14.974,39.634,0.078,0.042,1.35,16413,10565241,206.074,0.32,22736,0.443,0.034,29.6,people tested,19682896,15404046,5408537,130694,101642,38.39,30.05,10.55,1983,38.43
South Korea,2021/07/06,162753,1212,827.429,2033,1,2.143,3174.48,23.64,16.139,39.653,0.02,0.042,1.42,28776,10594017,206.635,0.561,22162,0.432,0.037,26.8,people tested,19811768,15442359,5499096,128872,97048,38.64,30.12,10.73,1893,38.43
South Korea,2021/07/07,164028,1275,900.714,2034,1,1.857,3199.349,24.869,17.568,39.673,0.02,0.036,1.46,29737,10623754,207.215,0.58,22685,0.442,0.04,25.2,people tested,19936025,15477744,5587968,124257,93229,38.89,30.19,10.9,1818,38.43
South Korea,2021/07/08,165344,1316,970.714,2036,2,1.714,3225.017,25.668,18.934,39.712,0.039,0.033,1.45,27870,10651624,207.759,0.544,23176,0.452,0.042,23.9,people tested,20079730,15515756,5693661,143705,95985,39.17,30.26,11.11,1872,38.43
South Korea,2021/07/09,166722,1378,1054.286,2038,2,1.857,3251.895,26.878,20.564,39.751,0.039,0.036,1.44,32125,10683749,208.385,0.627,24687,0.482,0.043,23.4,people tested,20285319,15574028,5840978,205589,107430,39.57,30.38,11.39,2095,38.43
South Korea,2021/07/10,168046,1324,1137.429,2043,5,2.429,3277.719,25.824,22.185,39.848,0.098,0.047,1.41,28172,10711921,208.935,0.549,25030,0.488,0.045,22,people tested,20337532,15586887,5880332,52213,112282,39.67,30.4,11.47,2190,38.43
South Korea,2021/07/11,169146,1100,1193,2044,1,2.286,3299.175,21.455,23.269,39.868,0.02,0.045,1.36,14295,10726216,209.214,0.279,25341,0.494,0.047,21.2,people tested,20339109,15587358,5881438,1577,112415,39.67,30.4,11.47,2193,38.43
South Korea,2021/07/12,170296,1150,1250.714,2046,2,2,3321.605,22.431,24.395,39.907,0.039,0.039,1.34,19011,10745227,209.585,0.371,25712,0.502,0.049,20.6,people tested,20463009,15618658,5974038,123900,111445,39.91,30.46,11.65,2174,50
South Korea,2021/07/13,171911,1615,1308.286,2048,2,2.143,3353.106,31.5,25.518,39.946,0.039,0.042,1.32,39942,10785169,210.364,0.779,27307,0.533,,,people tested,20677406,15725361,6081732,214397,123663,40.33,30.67,11.86,2412,
South Korea,2021/07/14,173511,1600,1354.714,2050,2,2.286,3384.314,31.208,26.424,39.985,0.039,0.045,,,,,,,,,,,20891037,15836992,6183732,213631,136430,40.75,30.89,12.06,2661,