location,date,total_cases,new_cases,total_deaths,new_deaths,total_cases_per_million,new_cases_per_million,new_cases_smoothed_per_million,total_deaths_per_million,new_deaths_smoothed_per_million,reproduction_rate,total_vaccinations,new_vaccinations,new_vaccinations_smoothed,total_vaccinations_per_hundred,people_vaccinated_per_hundred,people_fully_vaccinated_per_hundred,new_vaccinations_smoothed_per_million,stringency_index,population
United States,2020/01/21,0,0,,,0,0,0,,0,,,,,,,,,0,331002647
United States,2020/01/22,1,0,,,0.003,0,0,,0,,,,,,,,,0,331002647
United States,2020/01/23,1,0,,,0.003,0,0,,0,,,,,,,,,0,331002647
United States,2020/01/24,2,1,,,0.006,0.003,0.001,,0,,,,,,,,,0,331002647
United States,2020/01/25,2,0,,,0.006,0,0.001,,0,,,,,,,,,0,331002647
United States,2020/01/26,5,3,,,0.015,0.009,0.001,,0,,,,,,,,,0,331002647
United States,2020/01/27,5,0,,,0.015,0,0.002,,0,,,,,,,,,0,331002647
United States,2020/01/28,5,0,,,0.015,0,0.002,,0,,,,,,,,,0,331002647
United States,2020/01/29,6,1,,,0.018,0.003,0.002,,0,,,,,,,,,0,331002647
United States,2020/01/30,6,0,,,0.018,0,0.002,,0,,,,,,,,,0,331002647
United States,2020/01/31,8,2,,,0.024,0.006,0.003,,0,,,,,,,,,0,331002647
United States,2020/02/01,8,0,,,0.024,0,0.003,,0,,,,,,,,,0,331002647
United States,2020/02/02,8,0,,,0.024,0,0.001,,0,,,,,,,,,5.56,331002647
United States,2020/02/03,11,3,,,0.033,0.009,0.003,,0,,,,,,,,,5.56,331002647
United States,2020/02/04,11,0,,,0.033,0,0.003,,0,,,,,,,,,5.56,331002647
United States,2020/02/05,11,0,,,0.033,0,0.002,,0,,,,,,,,,5.56,331002647
United States,2020/02/06,12,1,,,0.036,0.003,0.003,,0,,,,,,,,,5.56,331002647
United States,2020/02/07,12,0,,,0.036,0,0.002,,0,,,,,,,,,5.56,331002647
United States,2020/02/08,12,0,,,0.036,0,0.002,,0,,,,,,,,,5.56,331002647
United States,2020/02/09,12,0,,,0.036,0,0.002,,0,,,,,,,,,5.56,331002647
United States,2020/02/10,12,0,,,0.036,0,0,,0,,,,,,,,,5.56,331002647
United States,2020/02/11,13,1,,,0.039,0.003,0.001,,0,,,,,,,,,5.56,331002647
United States,2020/02/12,13,0,,,0.039,0,0.001,,0,,,,,,,,,5.56,331002647
United States,2020/02/13,14,1,,,0.042,0.003,0.001,,0,,,,,,,,,5.56,331002647
United States,2020/02/14,14,0,,,0.042,0,0.001,,0,,,,,,,,,5.56,331002647
United States,2020/02/15,14,0,,,0.042,0,0.001,,0,,,,,,,,,5.56,331002647
United States,2020/02/16,14,0,,,0.042,0,0.001,,0,,,,,,,,,5.56,331002647
United States,2020/02/17,14,0,,,0.042,0,0.001,,0,,,,,,,,,5.56,331002647
United States,2020/02/18,14,0,,,0.042,0,0,,0,,,,,,,,,5.56,331002647
United States,2020/02/19,14,0,,,0.042,0,0,,0,,,,,,,,,5.56,331002647
United States,2020/02/20,14,0,,,0.042,0,0,,0,,,,,,,,,5.56,331002647
United States,2020/02/21,16,2,,,0.048,0.006,0.001,,0,,,,,,,,,5.56,331002647
United States,2020/02/22,16,0,,,0.048,0,0.001,,0,,,,,,,,,5.56,331002647
United States,2020/02/23,16,0,,,0.048,0,0.001,,0,,,,,,,,,5.56,331002647
United States,2020/02/24,16,0,,,0.048,0,0.001,,0,,,,,,,,,5.56,331002647
United States,2020/02/25,16,0,,,0.048,0,0.001,,0,,,,,,,,,5.56,331002647
United States,2020/02/26,16,0,,,0.048,0,0.001,,0,,,,,,,,,5.56,331002647
United States,2020/02/27,17,1,,,0.051,0.003,0.001,,0,,,,,,,,,5.56,331002647
United States,2020/02/28,17,0,,,0.051,0,0,,0,,,,,,,,,5.56,331002647
United States,2020/02/29,25,8,1,1,0.076,0.024,0.004,0.003,0,,,,,,,,,5.56,331002647
United States,2020/03/01,32,7,1,0,0.097,0.021,0.007,0.003,0,,,,,,,,,8.33,331002647
United States,2020/03/02,55,23,6,5,0.166,0.069,0.017,0.018,0.003,,,,,,,,,11.11,331002647
United States,2020/03/03,74,19,7,1,0.224,0.057,0.025,0.021,0.003,,,,,,,,,11.11,331002647
United States,2020/03/04,107,33,11,4,0.323,0.1,0.039,0.033,0.005,,,,,,,,,11.11,331002647
United States,2020/03/05,184,77,12,1,0.556,0.233,0.072,0.036,0.005,3.61,,,,,,,,20.37,331002647
United States,2020/03/06,237,53,14,2,0.716,0.16,0.095,0.042,0.006,3.55,,,,,,,,20.37,331002647
United States,2020/03/07,403,166,17,3,1.218,0.502,0.163,0.051,0.007,3.57,,,,,,,,20.37,331002647
United States,2020/03/08,519,116,21,4,1.568,0.35,0.21,0.063,0.009,3.46,,,,,,,,20.37,331002647
United States,2020/03/09,594,75,22,1,1.795,0.227,0.233,0.066,0.007,3.32,,,,,,,,20.37,331002647
United States,2020/03/10,782,188,28,6,2.363,0.568,0.306,0.085,0.009,3.36,,,,,,,,20.37,331002647
United States,2020/03/11,1147,365,33,5,3.465,1.103,0.449,0.1,0.009,3.42,,,,,,,,21.76,331002647
United States,2020/03/12,1586,439,43,10,4.792,1.326,0.605,0.13,0.013,3.4,,,,,,,,30.09,331002647
United States,2020/03/13,2219,633,51,8,6.704,1.912,0.855,0.154,0.016,3.42,,,,,,,,30.09,331002647
United States,2020/03/14,2978,759,58,7,8.997,2.293,1.111,0.175,0.018,3.37,,,,,,,,35.65,331002647
United States,2020/03/15,3212,234,70,12,9.704,0.707,1.162,0.211,0.021,3.41,,,,,,,,41.2,331002647
United States,2020/03/16,4679,1467,97,27,14.136,4.432,1.763,0.293,0.032,3.61,,,,,,,,52.31,331002647
United States,2020/03/17,6512,1833,134,37,19.674,5.538,2.473,0.405,0.046,3.65,,,,,,,,55.09,331002647
United States,2020/03/18,9169,2657,194,60,27.701,8.027,3.462,0.586,0.069,3.64,,,,,,,,55.09,331002647
United States,2020/03/19,13663,4494,266,72,41.278,13.577,5.212,0.804,0.096,3.61,,,,,,,,67.13,331002647
United States,2020/03/20,20030,6367,372,106,60.513,19.235,7.687,1.124,0.139,3.51,,,,,,,,67.13,331002647
United States,2020/03/21,26025,5995,475,103,78.625,18.112,9.947,1.435,0.18,3.33,,,,,,,,72.69,331002647
United States,2020/03/22,34898,8873,603,128,105.431,26.806,13.675,1.822,0.23,3.2,,,,,,,,72.69,331002647
United States,2020/03/23,46136,11238,792,189,139.383,33.951,17.892,2.393,0.3,2.98,,,,,,,,72.69,331002647
United States,2020/03/24,56755,10619,1033,241,171.464,32.081,21.684,3.121,0.388,2.75,,,,,,,,72.69,331002647
United States,2020/03/25,68837,12082,1369,336,207.965,36.501,25.752,4.136,0.507,2.55,,,,,,,,72.69,331002647
United States,2020/03/26,86693,17856,1785,416,261.91,53.945,31.519,5.393,0.656,2.41,,,,,,,,72.69,331002647
United States,2020/03/27,105383,18690,2311,526,318.375,56.465,36.837,6.982,0.837,2.3,,,,,,,,72.69,331002647
United States,2020/03/28,125013,19630,2985,674,377.68,59.305,42.722,9.018,1.083,2.2,,,,,,,,72.69,331002647
United States,2020/03/29,143912,18899,3577,592,434.776,57.096,47.049,10.807,1.284,2.11,,,,,,,,72.69,331002647
United States,2020/03/30,165987,22075,4288,711,501.467,66.691,51.726,12.955,1.509,2.01,,,,,,,,72.69,331002647
United States,2020/03/31,192301,26314,5370,1082,580.965,79.498,58.5,16.223,1.872,1.93,,,,,,,,72.69,331002647
United States,2020/04/01,224587,32286,6655,1285,678.505,97.54,67.22,20.106,2.281,1.83,,,,,,,,72.69,331002647
United States,2020/04/02,256809,32222,8170,1515,775.852,97.347,73.42,24.683,2.756,1.71,,,,,,,,72.69,331002647
United States,2020/04/03,289116,32307,9600,1430,873.455,97.603,79.297,29.003,3.146,1.63,,,,,,,,72.69,331002647
United States,2020/04/04,321502,32386,11165,1565,971.297,97.842,84.803,33.731,3.53,1.56,,,,,,,,72.69,331002647
United States,2020/04/05,351397,29895,12783,1618,1061.614,90.316,89.548,38.619,3.973,1.49,,,,,,,,72.69,331002647
United States,2020/04/06,382787,31390,14556,1773,1156.447,94.833,93.569,43.975,4.432,1.42,,,,,,,,72.69,331002647
United States,2020/04/07,413566,30779,17128,2572,1249.434,92.987,95.496,51.746,5.075,1.33,,,,,,,,72.69,331002647
United States,2020/04/08,444801,31235,19287,2159,1343.799,94.365,95.042,58.268,5.452,1.26,,,,,,,,72.69,331002647
United States,2020/04/09,480743,35942,21500,2213,1452.384,108.585,96.647,64.954,5.753,1.2,,,,,,,,72.69,331002647
United States,2020/04/10,515146,34403,23697,2197,1556.32,103.936,97.552,71.592,6.084,1.16,,,,,,,,72.69,331002647
United States,2020/04/11,544229,29083,25821,2124,1644.183,87.863,96.127,78.008,6.325,1.13,,,,,,,,72.69,331002647
United States,2020/04/12,571485,27256,27695,1874,1726.527,82.344,94.988,83.67,6.436,1.11,,,,,,,,72.69,331002647
United States,2020/04/13,598424,26939,29706,2011,1807.913,81.386,93.067,89.746,6.539,1.07,,,,,,,,72.69,331002647
United States,2020/04/14,627242,28818,32158,2452,1894.976,87.063,92.22,97.153,6.487,1.05,,,,,,,,72.69,331002647
United States,2020/04/15,652650,25408,34766,2608,1971.736,76.761,89.705,105.032,6.681,1.01,,,,,,,,72.69,331002647
United States,2020/04/16,682652,30002,36916,2150,2062.376,90.64,87.142,111.528,6.653,1,,,,,,,,72.69,331002647
United States,2020/04/17,715718,33066,39029,2113,2162.273,99.896,86.565,117.911,6.617,1.01,,,,,,,,72.69,331002647
United States,2020/04/18,743625,27907,41006,1977,2246.583,84.311,86.057,123.884,6.554,1.02,,,,,,,,72.69,331002647
United States,2020/04/19,769687,26062,42985,1979,2325.32,78.737,85.542,129.863,6.599,1.03,,,,,,,,72.69,331002647
United States,2020/04/20,799507,29820,45214,2229,2415.41,90.09,86.785,136.597,6.693,1.03,,,,,,,,72.69,331002647
United States,2020/04/21,825433,25926,47726,2512,2493.735,78.326,85.537,144.186,6.719,1.02,,,,,,,,72.69,331002647
United States,2020/04/22,854344,28911,50184,2458,2581.079,87.344,87.049,151.612,6.654,1.01,,,,,,,,72.69,331002647
United States,2020/04/23,887956,33612,52641,2457,2682.625,101.546,88.607,159.035,6.787,1,,,,,,,,72.69,331002647
United States,2020/04/24,920283,32327,54829,2188,2780.289,97.664,88.288,165.645,6.819,1,,,,,,,,72.69,331002647
United States,2020/04/25,950663,30380,56545,1716,2872.071,91.782,89.355,170.829,6.706,1,,,,,,,,72.69,331002647
United States,2020/04/26,977151,26488,57951,1406,2952.094,80.024,89.539,175.077,6.459,0.99,,,,,,,,72.69,331002647
United States,2020/04/27,1000866,23715,59471,1520,3023.74,71.646,86.904,179.669,6.153,0.98,,,,,,,,72.69,331002647
United States,2020/04/28,1025441,24575,61694,2223,3097.984,74.244,86.321,186.385,6.028,0.97,,,,,,,,72.69,331002647
United States,2020/04/29,1051900,26459,64105,2411,3177.92,79.936,85.263,193.669,6.008,0.96,,,,,,,,72.69,331002647
United States,2020/04/30,1081105,29205,66292,2187,3266.152,88.232,83.361,200.276,5.892,0.96,,,,,,,,72.69,331002647
United States,2020/05/01,1116012,34907,68206,1914,3371.61,105.458,84.475,206.059,5.773,0.97,,,,,,,,72.69,331002647
United States,2020/05/02,1143360,27348,69938,1732,3454.232,82.622,83.166,211.291,5.78,0.96,,,,,,,,72.69,331002647
United States,2020/05/03,1167681,24321,71135,1197,3527.709,73.477,82.231,214.908,5.69,0.96,,,,,,,,72.69,331002647
United States,2020/05/04,1191749,24068,72526,1391,3600.421,72.712,82.383,219.11,5.634,0.95,,,,,,,,72.69,331002647
United States,2020/05/05,1216277,24528,74742,2216,3674.523,74.102,82.363,225.805,5.631,0.94,,,,,,,,72.69,331002647
United States,2020/05/06,1240846,24569,77049,2307,3748.749,74.226,81.547,232.775,5.586,0.92,,,,,,,,72.69,331002647
United States,2020/05/07,1268275,27429,78973,1924,3831.616,82.866,80.781,238.587,5.473,0.91,,,,,,,,72.69,331002647
United States,2020/05/08,1295105,26830,80731,1758,3912.673,81.057,77.295,243.898,5.406,0.91,,,,,,,,72.69,331002647
United States,2020/05/09,1320281,25176,82194,1463,3988.732,76.06,76.357,248.318,5.29,0.91,,,,,,,,72.69,331002647
United States,2020/05/10,1339086,18805,83181,987,4045.545,56.812,73.977,251.3,5.199,0.91,,,,,,,,72.69,331002647
United States,2020/05/11,1358384,19298,84225,1044,4103.846,58.302,71.918,254.454,5.049,0.91,,,,,,,,72.69,331002647
United States,2020/05/12,1381311,22927,85824,1599,4173.112,69.265,71.227,259.285,4.783,0.91,,,,,,,,72.69,331002647
United States,2020/05/13,1401744,20433,87550,1726,4234.842,61.731,69.442,264.499,4.532,0.92,,,,,,,,72.69,331002647
United States,2020/05/14,1428561,26817,89330,1780,4315.86,81.017,69.178,269.877,4.47,0.93,,,,,,,,72.69,331002647
United States,2020/05/15,1453294,24733,90997,1667,4390.581,74.721,68.273,274.913,4.431,0.93,,,,,,,,72.69,331002647
United States,2020/05/16,1477429,24135,92197,1200,4463.496,72.915,67.823,278.539,4.317,0.94,,,,,,,,72.69,331002647
United States,2020/05/17,1495817,18388,93022,825,4519.048,55.552,67.643,281.031,4.247,0.95,,,,,,,,72.69,331002647
United States,2020/05/18,1518206,22389,94247,1225,4586.688,67.64,68.977,284.732,4.325,0.96,,,,,,,,72.69,331002647
United States,2020/05/19,1539185,20979,95706,1459,4650.069,63.38,68.137,289.14,4.265,0.96,,,,,,,,72.69,331002647
United States,2020/05/20,1561910,22725,97204,1498,4718.724,68.655,69.126,293.665,4.167,0.96,,,,,,,,72.69,331002647
United States,2020/05/21,1587679,25769,98389,1185,4796.575,77.851,68.674,297.245,3.91,0.95,,,,,,,,72.69,331002647
United States,2020/05/22,1611328,23649,99612,1223,4868.021,71.447,68.206,300.94,3.718,0.94,,,,,,,,72.69,331002647
United States,2020/05/23,1632427,21099,100697,1085,4931.764,63.743,66.895,304.218,3.669,0.94,,,,,,,,72.69,331002647
United States,2020/05/24,1652504,20077,101337,640,4992.419,60.655,67.624,306.152,3.589,0.95,,,,,,,,72.69,331002647
United States,2020/05/25,1671166,18662,101934,597,5048.8,56.38,66.016,307.955,3.318,0.94,,,,,,,,72.69,331002647
United States,2020/05/26,1690829,19663,102612,678,5108.204,59.404,65.448,310.004,2.981,0.94,,,,,,,,72.69,331002647
United States,2020/05/27,1709380,18551,104071,1459,5164.249,56.045,63.646,314.411,2.964,0.94,,,,,,,,72.69,331002647
United States,2020/05/28,1731700,22320,105163,1092,5231.68,67.431,62.158,317.71,2.924,0.95,,,,,,,,72.69,331002647
United States,2020/05/29,1756178,24478,106294,1131,5305.631,73.951,62.516,321.127,2.884,0.97,,,,,,,,72.69,331002647
United States,2020/05/30,1779810,23632,107247,953,5377.026,71.395,63.609,324.006,2.827,0.98,,,,,,,,72.69,331002647
United States,2020/05/31,1798793,18983,107865,618,5434.376,57.35,63.137,325.874,2.817,0.98,,,,,,,,72.69,331002647
United States,2020/06/01,1816207,17414,108643,778,5486.986,52.61,62.598,328.224,2.896,0.98,,,,,,,,72.69,331002647
United States,2020/06/02,1837709,21502,109623,980,5551.947,64.96,63.392,331.185,3.026,0.98,,,,,,,,72.69,331002647
United States,2020/06/03,1857566,19857,110630,1007,5611.937,59.99,63.955,334.227,2.831,0.98,,,,,,,,72.69,331002647
United States,2020/06/04,1879224,21658,111636,1006,5677.368,65.432,63.67,337.266,2.794,0.98,,,,,,,,72.69,331002647
United States,2020/06/05,1904627,25403,112525,889,5754.114,76.746,64.069,339.952,2.689,0.98,,,,,,,,72.69,331002647
United States,2020/06/06,1925769,21142,113167,642,5817.987,63.873,62.994,341.892,2.555,0.98,,,,,,,,72.69,331002647
United States,2020/06/07,1943697,17928,113629,462,5872.149,54.163,62.539,343.287,2.488,0.99,,,,,,,,72.69,331002647
United States,2020/06/08,1961313,17616,114137,508,5925.37,53.22,62.626,344.822,2.371,0.99,,,,,,,,72.69,331002647
United States,2020/06/09,1979696,18383,115044,907,5980.907,55.537,61.28,347.562,2.34,1,,,,,,,,72.69,331002647
United States,2020/06/10,2000807,21111,115925,881,6044.686,63.779,61.821,350.224,2.285,1.02,,,,,,,,72.69,331002647
United States,2020/06/11,2023973,23166,116751,826,6114.673,69.987,62.472,352.719,2.208,1.04,,,,,,,,72.69,331002647
United States,2020/06/12,2048801,24828,117578,827,6189.682,75.008,62.224,355.218,2.181,1.06,,,,,,,,72.69,331002647
United States,2020/06/13,2074013,25212,118317,739,6265.85,76.169,63.98,357.45,2.223,1.08,,,,,,,,72.69,331002647
United States,2020/06/14,2092954,18941,118661,344,6323.073,57.223,64.418,358.49,2.172,1.09,,,,,,,,72.69,331002647
United States,2020/06/15,2112781,19827,119057,396,6382.973,59.9,65.372,359.686,2.123,1.11,,,,,,,,68.98,331002647
United States,2020/06/16,2136448,23667,119870,813,6454.474,71.501,67.652,362.142,2.083,1.13,,,,,,,,68.98,331002647
United States,2020/06/17,2163520,27072,120609,739,6536.262,81.788,70.225,364.375,2.022,1.16,,,,,,,,68.98,331002647
United States,2020/06/18,2192057,28537,121300,691,6622.476,86.214,72.543,366.462,1.963,1.19,,,,,,,,68.98,331002647
United States,2020/06/19,2223601,31544,121929,629,6717.774,95.298,75.442,368.363,1.878,1.21,,,,,,,,68.98,331002647
United States,2020/06/20,2255881,32280,122487,558,6815.296,97.522,78.492,370.048,1.8,1.23,,,,,,,,68.98,331002647
United States,2020/06/21,2281031,25150,122807,320,6891.277,75.981,81.172,371.015,1.789,1.25,,,,,,,,68.98,331002647
United States,2020/06/22,2313175,32144,123213,406,6988.388,97.111,86.488,372.242,1.794,1.27,,,,,,,,68.98,331002647
United States,2020/06/23,2350247,37072,123961,748,7100.387,111.999,92.273,374.502,1.766,1.28,,,,,,,,68.98,331002647
United States,2020/06/24,2386125,35878,124698,737,7208.779,108.392,96.074,376.728,1.765,1.28,,,,,,,,68.98,331002647
United States,2020/06/25,2426451,40326,125236,538,7330.609,121.83,101.162,378.353,1.699,1.29,,,,,,,,68.98,331002647
United States,2020/06/26,2472450,45999,125864,628,7469.578,138.969,107.401,380.251,1.698,1.3,,,,,,,,68.98,331002647
United States,2020/06/27,2513780,41330,126371,507,7594.441,124.863,111.306,381.782,1.676,1.29,,,,,,,,68.98,331002647
United States,2020/06/28,2554514,40734,126686,315,7717.503,123.062,118.032,382.734,1.674,1.29,,,,,,,,68.98,331002647
United States,2020/06/29,2595813,41299,127072,386,7842.273,124.769,121.983,383.9,1.666,1.29,,,,,,,,68.98,331002647
United States,2020/06/30,2642233,46420,127627,555,7982.513,140.241,126.018,385.577,1.582,1.28,,,,,,,,68.98,331002647
United States,2020/07/01,2694053,51820,128328,701,8139.068,156.555,132.898,387.695,1.567,1.27,,,,,,,,68.98,331002647
United States,2020/07/02,2750689,56636,129038,710,8310.172,171.104,139.938,389.84,1.641,1.25,,,,,,,,68.98,331002647
United States,2020/07/03,2802040,51351,129708,670,8465.31,155.138,142.247,391.864,1.659,1.23,,,,,,,,68.98,331002647
United States,2020/07/04,2847733,45693,130023,315,8603.354,138.044,144.13,392.816,1.576,1.22,,,,,,,,68.98,331002647
United States,2020/07/05,2898480,50747,130349,326,8756.667,153.313,148.452,393.8,1.581,1.22,,,,,,,,68.98,331002647
United States,2020/07/06,2941586,43106,130726,377,8886.896,130.229,149.232,394.939,1.577,1.21,,,,,,,,68.98,331002647
United States,2020/07/07,3002247,60661,131885,1159,9070.16,183.264,155.378,398.441,1.838,1.22,,,,,,,,68.98,331002647
United States,2020/07/08,3062366,60119,132707,822,9251.787,181.627,158.96,400.924,1.89,1.21,,,,,,,,68.98,331002647
United States,2020/07/09,3124875,62509,133726,1019,9440.634,188.847,161.495,404.003,2.023,1.21,,,,,,,,68.98,331002647
United States,2020/07/10,3192932,68057,134542,816,9646.243,205.609,168.705,406.468,2.086,1.2,,,,,,,,68.98,331002647
United States,2020/07/11,3252949,60017,135271,729,9827.562,181.319,174.887,408.67,2.265,1.19,,,,,,,,68.98,331002647
United States,2020/07/12,3311373,58424,135743,472,10004.068,176.506,178.2,410.096,2.328,1.19,,,,,,,,68.98,331002647
United States,2020/07/13,3370303,58930,136190,447,10182.103,178.035,185.03,411.447,2.358,1.18,,,,,,,,68.98,331002647
United States,2020/07/14,3438354,68051,137105,915,10387.693,205.591,188.219,414.211,2.253,1.16,,,,,,,,68.98,331002647
United States,2020/07/15,3506444,68090,138086,981,10593.402,205.708,191.659,417.175,2.322,1.15,,,,,,,,68.98,331002647
United States,2020/07/16,3582310,75866,139038,952,10822.602,229.201,197.424,420.051,2.293,1.13,,,,,,,,68.98,331002647
United States,2020/07/17,3654546,72236,139962,924,11040.836,218.234,199.228,422.843,2.339,1.11,,,,,,,,68.98,331002647
United States,2020/07/18,3717082,62536,140821,859,11229.765,188.929,200.315,425.438,2.395,1.1,,,,,,,,68.98,331002647
United States,2020/07/19,3777538,60456,141306,485,11412.41,182.645,201.192,426.903,2.401,1.08,,,,,,,,68.98,331002647
United States,2020/07/20,3839645,62107,141868,562,11600.043,187.633,202.563,428.601,2.451,1.07,,,,,,,,67.13,331002647
United States,2020/07/21,3904106,64461,142953,1085,11794.788,194.745,201.013,431.879,2.524,1.05,,,,,,,,67.13,331002647
United States,2020/07/22,3974685,70579,144176,1223,12008.016,213.228,202.088,435.574,2.628,1.04,,,,,,,,67.13,331002647
United States,2020/07/23,4043130,68445,145244,1068,12214.797,206.781,198.885,438.8,2.678,1.03,,,,,,,,67.13,331002647
United States,2020/07/24,4116449,73319,146348,1104,12436.302,221.506,199.352,442.135,2.756,1.02,,,,,,,,67.13,331002647
United States,2020/07/25,4181402,64953,147280,932,12632.533,196.231,200.395,444.951,2.788,1.02,,,,,,,,67.13,331002647
United States,2020/07/26,4236218,54816,147811,531,12798.139,165.606,197.961,446.555,2.807,1.01,,,,,,,,67.13,331002647
United States,2020/07/27,4293001,56783,148938,1127,12969.688,171.548,195.664,449.96,3.051,1,,,,,,,,67.13,331002647
United States,2020/07/28,4359413,66412,150269,1331,13170.327,200.639,196.506,453.981,3.158,0.99,,,,,,,,67.13,331002647
United States,2020/07/29,4431286,71873,151677,1408,13387.464,217.137,197.064,458.235,3.237,0.98,,,,,,,,67.13,331002647
United States,2020/07/30,4498752,67466,152914,1237,13591.287,203.823,196.642,461.972,3.31,0.96,,,,,,,,67.13,331002647
United States,2020/07/31,4567464,68712,154151,1237,13798.875,207.587,194.653,465.709,3.368,0.95,,,,,,,,67.13,331002647
United States,2020/08/01,4623665,56201,155238,1087,13968.665,169.79,190.876,468.993,3.435,0.93,,,,,,,,67.13,331002647
United States,2020/08/02,4669233,45568,155676,438,14106.331,137.667,186.885,470.316,3.394,0.92,,,,,,,,67.13,331002647
United States,2020/08/03,4714734,45501,156259,583,14243.795,137.464,182.015,472.078,3.16,0.91,,,,,,,,67.13,331002647
United States,2020/08/04,4773508,58774,157543,1284,14421.359,177.564,178.719,475.957,3.139,0.92,,,,,,,,67.13,331002647
United States,2020/08/05,4827974,54466,158983,1440,14585.908,164.549,171.206,480.307,3.153,0.91,,,,,,,,67.13,331002647
United States,2020/08/06,4887323,59349,160220,1237,14765.208,179.301,167.703,484.044,3.153,0.91,,,,,,,,67.13,331002647
United States,2020/08/07,4946626,59303,161463,1243,14944.37,179.162,163.642,487.8,3.156,0.91,,,,,,,,67.13,331002647
United States,2020/08/08,5000760,54134,162533,1070,15107.915,163.546,162.75,491.032,3.148,0.92,,,,,,,,67.13,331002647
United States,2020/08/09,5046529,45769,163055,522,15246.189,138.274,162.837,492.609,3.185,0.92,,,,,,,,67.13,331002647
United States,2020/08/10,5094135,47606,163689,634,15390.013,143.824,163.745,494.525,3.207,0.92,,,,,,,,67.13,331002647
United States,2020/08/11,5142138,48003,164713,1024,15535.036,145.023,159.097,497.618,3.094,0.92,,,,,,,,67.13,331002647
United States,2020/08/12,5198178,56040,166217,1504,15704.34,169.304,159.776,502.162,3.122,0.92,,,,,,,,67.13,331002647
United States,2020/08/13,5249494,51316,167281,1064,15859.372,155.032,156.309,505.377,3.047,0.92,,,,,,,,67.13,331002647
United States,2020/08/14,5314830,65336,168618,1337,16056.76,197.388,158.913,509.416,3.088,0.92,,,,,,,,67.13,331002647
United States,2020/08/15,5361781,46951,169618,1000,16198.605,141.845,155.813,512.437,3.058,0.9,,,,,,,,67.13,331002647
United States,2020/08/16,5400993,39212,170233,615,16317.069,118.464,152.983,514.295,3.098,0.9,,,,,,,,67.13,331002647
United States,2020/08/17,5437645,36652,170726,493,16427.799,110.73,148.255,515.784,3.037,0.89,,,,,,,,67.13,331002647
United States,2020/08/18,5482678,45033,171953,1227,16563.849,136.05,146.973,519.491,3.125,0.89,,,,,,,,67.13,331002647
United States,2020/08/19,5529998,47320,173288,1335,16706.809,142.96,143.21,523.525,3.052,0.89,,,,,,,,67.13,331002647
United States,2020/08/20,5574039,44041,174392,1104,16839.862,133.053,140.07,526.86,3.069,0.88,,,,,,,,67.13,331002647
United States,2020/08/21,5622882,48843,175475,1083,16987.423,147.561,132.952,530.132,2.959,0.88,,,,,,,,67.13,331002647
United States,2020/08/22,5665946,43064,176384,909,17117.525,130.102,131.274,532.878,2.92,0.89,,,,,,,,67.13,331002647
United States,2020/08/23,5700193,34247,176930,546,17220.989,103.464,129.131,534.527,2.89,0.9,,,,,,,,67.13,331002647
United States,2020/08/24,5736675,36482,177406,476,17331.206,110.217,129.058,535.966,2.883,0.91,,,,,,,,67.13,331002647
United States,2020/08/25,5777029,40354,178629,1223,17453.12,121.914,127.039,539.66,2.881,0.92,,,,,,,,67.13,331002647
United States,2020/08/26,5822201,45172,179791,1162,17589.59,136.47,126.112,543.171,2.807,0.93,,,,,,,,67.13,331002647
United States,2020/08/27,5867594,45393,180904,1113,17726.728,137.138,126.695,546.533,2.811,0.93,,,,,,,,67.13,331002647
United States,2020/08/28,5914426,46832,181879,975,17868.214,141.485,125.827,549.479,2.764,0.93,,,,,,,,67.13,331002647
United States,2020/08/29,5957180,42754,182795,916,17997.379,129.165,125.693,552.246,2.767,0.94,,,,,,,,67.13,331002647
United States,2020/08/30,5991584,34404,183236,441,18101.317,103.939,125.761,553.579,2.722,0.94,,,,,,,,67.13,331002647
United States,2020/08/31,6026946,35362,183778,542,18208.15,106.833,125.278,555.216,2.75,0.95,,,,,,,,67.13,331002647
United States,2020/09/01,6068792,41846,184805,1027,18334.572,126.422,125.922,558.319,2.665,0.95,,,,,,,,67.13,331002647
United States,2020/09/02,6109810,41018,185878,1073,18458.493,123.92,124.129,561.56,2.627,0.95,,,,,,,,67.13,331002647
United States,2020/09/03,6154061,44251,186908,1030,18592.181,133.688,123.636,564.672,2.591,0.95,,,,,,,,67.13,331002647
United States,2020/09/04,6204443,50382,187865,957,18744.391,152.21,125.168,567.563,2.583,0.94,,,,,,,,67.13,331002647
United States,2020/09/05,6247601,43158,188622,757,18874.777,130.386,125.343,569.85,2.515,0.93,,,,,,,,67.13,331002647
United States,2020/09/06,6278819,31218,189091,469,18969.09,94.313,123.968,571.267,2.527,0.91,,,,,,,,67.13,331002647
United States,2020/09/07,6302432,23613,189405,314,19040.428,71.338,118.897,572.216,2.429,0.89,,,,,,,,67.13,331002647
United States,2020/09/08,6329658,27226,189862,457,19122.681,82.253,112.587,573.597,2.183,0.89,,,,,,,,67.13,331002647
United States,2020/09/09,6363707,34049,191020,1158,19225.547,102.866,109.579,577.095,2.219,0.92,,,,,,,,67.13,331002647
United States,2020/09/10,6399763,36056,191942,922,19334.477,108.93,106.042,579.881,2.173,0.95,,,,,,,,67.13,331002647
United States,2020/09/11,6447532,47769,193096,1154,19478.793,144.316,104.915,583.367,2.258,0.98,,,,,,,,67.13,331002647
United States,2020/09/12,6488633,41101,193806,710,19602.964,124.171,104.027,585.512,2.237,1,,,,,,,,62.5,331002647
United States,2020/09/13,6523005,34372,194234,428,19706.806,103.842,105.388,586.805,2.22,1.02,,,,,,,,62.5,331002647
United States,2020/09/14,6557428,34423,194668,434,19810.802,103.996,110.054,588.116,2.271,1.03,,,,,,,,62.5,331002647
United States,2020/09/15,6596920,39492,195867,1199,19930.113,119.31,115.347,591.738,2.592,1.04,,,,,,,,62.5,331002647
United States,2020/09/16,6635950,39030,196824,957,20048.027,117.914,117.497,594.63,2.505,1.05,,,,,,,,62.5,331002647
United States,2020/09/17,6681080,45130,197681,857,20184.37,136.343,121.413,597.219,2.477,1.06,,,,,,,,62.5,331002647
United States,2020/09/18,6730362,49282,198570,889,20333.257,148.887,122.066,599.905,2.363,1.07,,,,,,,,62.5,331002647
United States,2020/09/19,6772564,42202,199300,730,20460.755,127.497,122.542,602.11,2.371,1.07,,,,,,,,62.5,331002647
United States,2020/09/20,6811011,38447,199567,267,20576.908,116.153,124.3,602.917,2.302,1.08,,,,,,,,62.5,331002647
United States,2020/09/21,6862889,51878,199991,424,20733.638,156.73,131.834,604.198,2.297,1.09,,,,,,,,62.5,331002647
United States,2020/09/22,6902755,39866,201019,1028,20854.078,120.44,131.995,607.303,2.224,1.06,,,,,,,,62.5,331002647
United States,2020/09/23,6941824,39069,202081,1062,20972.11,118.032,132.012,610.512,2.269,1.04,,,,,,,,62.5,331002647
United States,2020/09/24,6988927,47103,202979,898,21114.414,142.304,132.863,613.225,2.287,1.03,,,,,,,,62.5,331002647
United States,2020/09/25,7037222,48295,203920,941,21260.319,145.905,132.437,616.068,2.309,1.02,,,,,,,,62.5,331002647
United States,2020/09/26,7081895,44673,204689,769,21395.282,134.963,133.504,618.391,2.326,1.02,,,,,,,,62.5,331002647
United States,2020/09/27,7119423,37528,205004,315,21508.659,113.377,133.107,619.342,2.347,1.02,,,,,,,,62.5,331002647
United States,2020/09/28,7152717,33294,205360,356,21609.244,100.585,125.087,620.418,2.317,1.01,,,,,,,,62.5,331002647
United States,2020/09/29,7196055,43338,206223,863,21740.174,130.929,126.585,623.025,2.246,1.02,,,,,,,,62.5,331002647
United States,2020/09/30,7235498,39443,207177,954,21859.336,119.162,126.747,625.907,2.199,1.02,,,,,,,,62.5,331002647
United States,2020/10/01,7281148,45650,208046,869,21997.25,137.914,126.119,628.533,2.187,1.04,,,,,,,,62.5,331002647
United States,2020/10/02,7336098,54950,208901,855,22163.261,166.011,128.992,631.116,2.15,1.05,,,,,,,,62.5,331002647
United States,2020/10/03,7384675,48577,209584,683,22310.018,146.757,130.677,633.179,2.113,1.06,,,,,,,,62.5,331002647
United States,2020/10/04,7420413,35738,209958,374,22417.987,107.969,129.904,634.309,2.138,1.06,,,,,,,,62.5,331002647
United States,2020/10/05,7459789,39376,210441,483,22536.947,118.96,132.529,635.768,2.193,1.07,,,,,,,,62.5,331002647
United States,2020/10/06,7505078,45289,211126,685,22673.77,136.824,133.371,637.838,2.116,1.09,,,,,,,,62.5,331002647
United States,2020/10/07,7556134,51056,212043,917,22828.017,154.247,138.383,640.608,2.1,1.1,,,,,,,,62.5,331002647
United States,2020/10/08,7614733,58599,213034,991,23005.052,177.035,143.972,643.602,2.153,1.11,,,,,,,,62.5,331002647
United States,2020/10/09,7671117,56384,214005,971,23175.395,170.343,144.591,646.536,2.203,1.11,,,,,,,,62.5,331002647
United States,2020/10/10,7726070,54953,214664,659,23341.415,166.02,147.342,648.527,2.192,1.11,,,,,,,,62.5,331002647
United States,2020/10/11,7772051,45981,215135,471,23480.329,138.914,151.763,649.949,2.234,1.11,,,,,,,,62.5,331002647
United States,2020/10/12,7813825,41774,215534,399,23606.533,126.204,152.798,651.155,2.198,1.11,,,,,,,,62.5,331002647
United States,2020/10/13,7866056,52231,216334,800,23764.33,157.796,155.794,653.572,2.248,1.13,,,,,,,,66.2,331002647
United States,2020/10/14,7925834,59778,217321,987,23944.926,180.597,159.558,656.554,2.278,1.14,,,,,,,,66.2,331002647
United States,2020/10/15,7990714,64880,218159,838,24140.937,196.011,162.269,659.085,2.212,1.14,,,,,,,,66.2,331002647
United States,2020/10/16,8059861,69147,219103,944,24349.839,208.902,167.778,661.937,2.2,1.15,,,,,,,,66.2,331002647
United States,2020/10/17,8116620,56759,219868,765,24521.314,171.476,168.557,664.248,2.246,1.14,,,,,,,,66.2,331002647
United States,2020/10/18,8165987,49367,220358,490,24670.458,149.144,170.018,665.729,2.254,1.15,,,,,,,,66.2,331002647
United States,2020/10/19,8233704,67717,220841,483,24875.04,204.581,181.215,667.188,2.29,1.17,,,,,,,,66.2,331002647
United States,2020/10/20,8295660,61956,221766,925,25062.216,187.177,185.412,669.983,2.344,1.17,,,,,,,,66.2,331002647
United States,2020/10/21,8358961,63301,222888,1122,25253.457,191.24,186.933,673.372,2.403,1.17,,,,,,,,66.2,331002647
United States,2020/10/22,8435271,76310,223781,893,25483.999,230.542,191.866,676.07,2.426,1.18,,,,,,,,66.2,331002647
United States,2020/10/23,8517204,81933,224744,963,25731.528,247.53,197.384,678.979,2.435,1.19,,,,,,,,66.2,331002647
United States,2020/10/24,8599971,82767,225697,953,25981.578,250.049,208.609,681.859,2.516,1.19,,,,,,,,66.2,331002647
United States,2020/10/25,8662175,62204,226158,461,26169.504,187.926,214.149,683.251,2.503,1.18,,,,,,,,66.2,331002647
United States,2020/10/26,8729485,67310,226691,533,26372.856,203.352,213.974,684.862,2.525,1.19,,,,,,,,62.5,331002647
United States,2020/10/27,8806323,76838,227663,972,26604.993,232.137,220.397,687.798,2.545,1.19,,,,,,,,62.5,331002647
United States,2020/10/28,8885749,79426,228695,1032,26844.948,239.956,227.356,690.916,2.506,1.2,,,,,,,,62.5,331002647
United States,2020/10/29,8976768,91019,229699,1004,27119.928,274.98,233.704,693.949,2.554,1.22,,,,,,,,62.5,331002647
United States,2020/10/30,9076032,99264,230757,1058,27419.817,299.889,241.184,697.145,2.595,1.23,,,,,,,,62.5,331002647
United States,2020/10/31,9165786,89754,231682,925,27690.975,271.158,244.2,699.94,2.583,1.25,,,,,,,,62.5,331002647
United States,2020/11/01,9270686,104900,232188,506,28007.891,316.916,262.627,701.469,2.602,1.28,,,,,,,,62.5,331002647
United States,2020/11/02,9355897,85211,232760,572,28265.324,257.433,270.353,703.197,2.619,1.28,,,,,,,,62.5,331002647
United States,2020/11/03,9483095,127198,234338,1578,28649.605,384.281,292.087,707.964,2.881,1.29,,,,,,,,62.5,331002647
United States,2020/11/04,9587636,104541,235445,1107,28965.436,315.831,302.927,711.309,2.913,1.27,,,,,,,,62.5,331002647
United States,2020/11/05,9717003,129367,236610,1165,29356.27,390.834,319.477,714.828,2.983,1.27,,,,,,,,62.5,331002647
United States,2020/11/06,9845036,128033,237835,1225,29743.073,386.804,331.894,718.529,3.055,1.26,,,,,,,,62.5,331002647
United States,2020/11/07,9972546,127510,238924,1089,30128.297,385.224,348.189,721.819,3.126,1.26,,,,,,,,62.5,331002647
United States,2020/11/08,10087716,115170,239497,573,30476.24,347.943,352.621,723.55,3.154,1.26,,,,,,,,62.5,331002647
United States,2020/11/09,10208150,120434,240272,775,30840.086,363.846,367.823,725.891,3.242,1.26,,,,,,,,65.28,331002647
United States,2020/11/10,10348654,140504,241688,1416,31264.566,424.48,373.566,730.169,3.172,1.26,,,,,,,,65.28,331002647
United States,2020/11/11,10495404,146750,243122,1434,31707.916,443.35,391.783,734.502,3.313,1.26,,,,,,,,65.28,331002647
United States,2020/11/12,10660154,164750,244331,1209,32205.646,497.73,407.054,738.154,3.332,1.26,,,,,,,,65.28,331002647
United States,2020/11/13,10840552,180398,245530,1199,32750.65,545.005,429.654,741.777,3.321,1.25,,,,,,,,65.28,331002647
United States,2020/11/14,11008478,167926,246877,1347,33257.976,507.325,447.097,745.846,3.432,1.24,,,,,,,,65.28,331002647
United States,2020/11/15,11144834,136356,247657,780,33669.924,411.948,456.241,748.202,3.522,1.22,,,,,,,,65.28,331002647
United States,2020/11/16,11307458,162624,248491,834,34161.231,491.307,474.449,750.722,3.547,1.21,,,,,,,,75.46,331002647
United States,2020/11/17,11471416,163958,250208,1717,34656.569,495.337,484.572,755.909,3.677,1.19,,,,,,,,75.46,331002647
United States,2020/11/18,11644667,173251,252123,1915,35179.982,523.413,496.009,761.695,3.885,1.18,,,,,,,,75.46,331002647
United States,2020/11/19,11836177,191510,254177,2054,35758.557,578.575,507.559,767.9,4.249,1.16,,,,,,,,75.46,331002647
United States,2020/11/20,12034510,198333,256136,1959,36357.746,599.189,515.299,773.819,4.577,1.14,,,,,,,,75.46,331002647
United States,2020/11/21,12213946,179436,257759,1623,36899.844,542.098,520.267,778.722,4.697,1.13,,,,,,,,75.46,331002647
United States,2020/11/22,12360893,146947,258796,1037,37343.789,443.945,524.838,781.855,4.807,1.11,,,,,,,,75.46,331002647
United States,2020/11/23,12534982,174089,259895,1099,37869.733,525.944,529.786,785.175,4.922,1.09,,,,,,,,75.46,331002647
United States,2020/11/24,12710526,175544,262026,2131,38400.074,530.34,534.786,791.613,5.101,1.06,,,,,,,,75.46,331002647
United States,2020/11/25,12893929,183403,264286,2260,38954.157,554.083,539.168,798.441,5.249,1.04,,,,,,,,75.46,331002647
United States,2020/11/26,13006455,112526,265672,1386,39294.112,339.955,505.079,802.628,4.961,1.02,,,,,,,,75.46,331002647
United States,2020/11/27,13214388,207933,267226,1554,39922.303,628.191,509.223,807.323,4.786,1.03,,,,,,,,75.46,331002647
United States,2020/11/28,13370049,155661,268591,1365,40392.574,470.271,498.961,811.447,4.675,1.04,,,,,,,,75.46,331002647
United States,2020/11/29,13510377,140328,269632,1041,40816.523,423.948,496.105,814.592,4.677,1.06,,,,,,,,75.46,331002647
United States,2020/11/30,13670698,160321,270980,1348,41300.872,484.35,490.163,818.664,4.784,1.08,,,,,,,,75.46,331002647
United States,2020/12/01,13859037,188339,273526,2546,41869.868,568.995,495.685,826.356,4.963,1.11,,,,,,,,75.46,331002647
United States,2020/12/02,14061931,202894,276343,2817,42482.835,612.968,504.097,834.866,5.204,1.13,,,,,,,,71.76,331002647
United States,2020/12/03,14285352,223421,279285,2942,43157.818,674.983,551.958,843.755,5.875,1.14,,,,,,,,71.76,331002647
United States,2020/12/04,14517996,232644,281981,2696,43860.664,702.846,562.623,851.9,6.368,1.14,,,,,,,,71.76,331002647
United States,2020/12/05,14733807,215811,284345,2364,44512.656,651.992,588.583,859.041,6.799,1.14,,,,,,,,71.76,331002647
United States,2020/12/06,14915060,181253,285705,1360,45060.244,547.588,606.246,863.15,6.937,1.13,,,,,,,,71.76,331002647
United States,2020/12/07,15109469,194409,287308,1603,45647.578,587.334,620.958,867.993,7.047,1.12,,,,,,,,71.76,331002647
United States,2020/12/08,15333921,224452,289930,2622,46325.675,678.097,636.544,875.914,7.08,1.11,,,,,,,,71.76,331002647
United States,2020/12/09,15556569,222648,293109,3179,46998.322,672.647,645.07,885.519,7.236,1.1,,,,,,,,71.76,331002647
United States,2020/12/10,15787997,231428,296103,2994,47697.495,699.173,648.525,894.564,7.258,1.09,,,,,,,,71.76,331002647
United States,2020/12/11,16028086,240089,299509,3406,48422.833,725.339,651.738,904.854,7.565,1.08,,,,,,,,71.76,331002647
United States,2020/12/12,16245883,217797,301983,2474,49080.825,657.992,652.596,912.328,7.612,1.07,,,,,,,,71.76,331002647
United States,2020/12/13,16433854,187971,303618,1635,49648.709,567.884,655.495,917.268,7.731,1.06,,,,,,,,71.76,331002647
United States,2020/12/14,16628168,194314,305274,1656,50235.755,587.047,655.454,922.271,7.754,1.05,,,,,,,,71.76,331002647
United States,2020/12/15,16837160,208992,308365,3091,50867.146,631.391,648.782,931.609,7.956,1.04,,,,,,,,71.76,331002647
United States,2020/12/16,17083804,246644,312045,3680,51612.288,745.142,659.138,942.727,8.173,1.04,,,,,,,,71.76,331002647
United States,2020/12/17,17323704,239900,315544,3499,52337.056,724.768,662.794,953.298,8.391,1.03,,,,,,,,71.76,331002647
United States,2020/12/18,17575536,251832,318513,2969,53097.871,760.816,667.863,962.267,8.202,1.02,,,,,,,,71.76,331002647
United States,2020/12/19,17767638,192102,321186,2673,53678.235,580.364,656.773,970.343,8.288,0.99,,,,,,,,71.76,331002647
United States,2020/12/20,17955653,188015,322916,1730,54246.252,568.017,656.792,975.569,8.329,0.99,556208,,,0.17,0.17,,,71.76,331002647
United States,2020/12/21,18154356,198703,324820,1904,54846.558,600.306,658.686,981.321,8.436,0.98,614117,57909,57909,0.18,0.18,,173,71.76,331002647
United States,2020/12/22,18352463,198107,328216,3396,55445.064,598.506,653.988,991.581,8.567,0.96,,,127432,,,,381,71.76,331002647
United States,2020/12/23,18582087,229624,331641,3425,56138.787,693.723,646.643,1001.929,8.457,0.94,1008025,,150606,0.3,0.3,,450,71.76,331002647
United States,2020/12/24,18776242,194155,334540,2899,56725.353,586.566,626.9,1010.687,8.198,0.92,,,191001,,,,571,71.76,331002647
United States,2020/12/25,18874122,97880,335995,1455,57021.061,295.708,560.456,1015.083,7.545,0.91,,,215238,,,,644,71.76,331002647
United States,2020/12/26,19100538,226416,337884,1889,57705.091,684.031,575.265,1020.789,7.207,0.95,1944585,,231396,0.58,0.58,,692,71.76,331002647
United States,2020/12/27,19256383,155845,339321,1437,58175.918,470.827,561.381,1025.131,7.08,0.97,,,211379,,,,632,71.76,331002647
United States,2020/12/28,19430535,174152,341329,2008,58702.053,526.135,550.785,1031.197,7.125,1,2127143,,216147,0.64,0.64,,646,71.76,331002647
United States,2020/12/29,19630943,200408,344944,3615,59307.511,605.457,551.778,1042.119,7.22,1.02,,,235685,,,,705,71.76,331002647
United States,2020/12/30,19864644,233701,348736,3792,60013.55,706.04,553.538,1053.575,7.378,1.04,2794588,,255223,0.84,0.84,,763,71.76,331002647
United States,2020/12/31,20100244,235600,352166,3430,60725.327,711.777,571.425,1063.937,7.607,1.06,,,278776,,,,834,71.76,331002647
United States,2021/01/01,20254160,153916,354298,2132,61190.326,464.999,595.609,1070.378,7.899,1.07,,,302329,,,,904,71.76,331002647
United States,2021/01/02,20554622,300462,356853,2555,62098.059,907.733,627.567,1078.097,8.187,1.1,4225756,,325882,1.26,1.26,,974,71.76,331002647
United States,2021/01/03,20763475,208853,358306,1453,62729.03,630.971,650.445,1082.487,8.194,1.1,,,336949,,,,1007,71.76,331002647
United States,2021/01/04,20947480,184005,360406,2100,63284.932,555.902,654.697,1088.831,8.233,1.1,4563260,,348017,1.36,1.36,,1041,71.76,331002647
United States,2021/01/05,21182522,235042,364094,3688,63995.023,710.091,669.645,1099.973,8.265,1.11,4836469,273209,339372,1.45,1.45,,1015,71.76,331002647
United States,2021/01/06,21438159,255637,367988,3894,64767.334,772.311,679.112,1111.737,8.309,1.11,5306797,470328,358887,1.59,1.59,,1073,71.76,331002647
United States,2021/01/07,21716496,278337,371994,4006,65608.225,840.891,697.557,1123.84,8.558,1.11,5919418,612621,378253,1.77,1.77,,1131,71.76,331002647
United States,2021/01/08,22011753,295257,376090,4096,66500.233,892.008,758.558,1136.214,9.405,1.1,6688231,768813,419933,2,2,,1256,71.76,331002647
United States,2021/01/09,22272720,260967,379394,3304,67288.646,788.414,741.512,1146.196,9.728,1.07,,,461263,,,,1379,71.76,331002647
United States,2021/01/10,22486135,213415,381411,2017,67933.399,644.753,743.481,1152.29,9.972,1.04,,,546636,,,,1634,71.76,331002647
United States,2021/01/11,22700799,214664,383512,2101,68581.926,648.527,756.713,1158.637,9.972,1.02,8987322,,632009,2.69,2.69,,1890,71.76,331002647
United States,2021/01/12,22927766,226967,387973,4461,69267.621,685.695,753.228,1172.114,10.306,0.99,9327138,339816,641524,2.79,2.79,,1918,71.76,331002647
United States,2021/01/13,23158067,230301,391968,3995,69963.389,695.768,742.294,1184.184,10.35,0.96,10278462,951324,710238,3.07,,,2124,71.76,331002647
United States,2021/01/14,23393833,235766,395938,3970,70675.667,712.278,723.92,1196.178,10.334,0.94,11148991,870529,747082,3.33,2.9,0.4,2234,71.76,331002647
United States,2021/01/15,23636613,242780,399847,3909,71409.136,733.468,701.272,1207.987,10.253,0.93,12279180,1130189,798707,3.67,3.17,0.48,2388,71.76,331002647
United States,2021/01/16,23838471,201858,403263,3416,72018.974,609.838,675.761,1218.307,10.302,0.9,,,811670,,,,2427,71.76,331002647
United States,2021/01/17,24016402,177931,405163,1900,72556.526,537.552,660.447,1224.048,10.251,0.89,,,824632,,,,2466,71.76,331002647
United States,2021/01/18,24160000,143598,406721,1558,72990.353,433.827,629.775,1228.755,10.017,0.87,,,837595,,,,2504,71.76,331002647
United States,2021/01/19,24336216,176216,409429,2708,73522.723,532.37,607.872,1236.936,9.26,0.86,15707588,,911493,4.7,4.07,0.6,2725,71.76,331002647
United States,2021/01/20,24519477,183261,413845,4416,74076.377,553.654,587.57,1250.277,9.442,0.86,16525281,817693,892403,4.94,4.27,0.65,2668,71.76,331002647
United States,2021/01/21,24713333,193856,418030,4185,74662.04,585.663,569.482,1262.92,9.535,0.85,17546374,1021093,913912,5.25,4.5,0.72,2733,71.76,331002647
United States,2021/01/22,24904093,190760,421853,3823,75238.35,576.31,547.031,1274.47,9.498,0.85,19107959,1561585,975540,5.71,4.86,0.82,2917,71.76,331002647
United States,2021/01/23,25074852,170759,425223,3370,75754.234,515.884,533.609,1284.651,9.478,0.85,20537990,1430031,1057387,6.14,5.2,0.91,3162,71.76,331002647
United States,2021/01/24,25206050,131198,427085,1862,76150.599,396.365,513.439,1290.277,9.461,0.85,21848655,1310665,1122182,6.53,5.53,0.96,3355,71.76,331002647
United States,2021/01/25,25357727,151677,429065,1980,76608.834,458.235,516.926,1296.259,9.643,0.85,22734243,885588,1126251,6.8,5.76,1,3368,71.76,331002647
United States,2021/01/26,25505353,147626,433088,4023,77054.831,445.996,504.587,1308.412,10.211,0.85,23540994,806751,1119058,7.04,5.95,1.04,3346,71.76,331002647
United States,2021/01/27,25659314,153961,437032,3944,77519.966,465.135,491.941,1320.328,10.007,0.84,24652634,1111640,1161050,7.37,6.19,1.14,3472,71.76,331002647
United States,2021/01/28,25828118,168804,441044,4012,78029.944,509.978,481.129,1332.449,9.933,0.84,26193682,1541048,1235330,7.83,6.49,1.27,3694,71.76,331002647
United States,2021/01/29,25994731,166613,444687,3643,78533.302,503.359,470.708,1343.455,9.855,0.84,27884661,1690979,1253815,8.34,6.83,1.43,3749,71.76,331002647
United States,2021/01/30,26137190,142459,447481,2794,78963.689,430.386,458.494,1351.896,9.606,0.84,29577902,1693241,1291416,8.84,7.2,1.57,3861,71.76,331002647
United States,2021/01/31,26249342,112152,449343,1862,79302.514,338.825,450.273,1357.521,9.606,0.83,31123299,1545397,1324949,9.31,7.54,1.69,3962,71.76,331002647
United States,2021/02/01,26384317,134975,451423,2080,79710.29,407.776,443.065,1363.805,9.649,0.83,32222402,1099103,1355451,9.63,7.78,1.77,4053,71.76,331002647
United States,2021/02/02,26499620,115303,454849,3426,80058.635,348.345,429.115,1374.155,9.392,0.81,32780860,558458,1319981,9.8,7.91,1.81,3947,71.76,331002647
United States,2021/02/03,26621311,121691,458731,3882,80426.278,367.644,415.187,1385.883,9.365,0.8,33878254,1097394,1317946,10.13,8.12,1.92,3941,68.06,331002647
United States,2021/02/04,26745317,124006,462476,3745,80800.916,374.637,395.853,1397.197,9.25,0.79,35203710,1325456,1287147,10.53,8.34,2.07,3849,68.06,331002647
United States,2021/02/05,26879739,134422,466141,3665,81207.021,406.106,381.96,1408.27,9.259,0.79,36819212,1615502,1276364,11.01,8.64,2.24,3816,68.06,331002647
United States,2021/02/06,26983915,104176,468824,2683,81521.75,314.729,365.437,1416.375,9.211,0.78,39037964,2218752,1351437,11.67,9.05,2.49,4041,68.06,331002647
United States,2021/02/07,27073661,89746,470260,1436,81792.884,271.134,355.767,1420.714,9.028,0.78,41210937,2172973,1441091,12.32,9.44,2.74,4309,68.06,331002647
United States,2021/02/08,27164099,90438,471880,1620,82066.108,273.224,336.545,1425.608,8.829,0.78,42417617,1206680,1456459,12.68,9.67,2.85,4355,68.06,331002647
United States,2021/02/09,27259364,95265,474929,3049,82353.915,287.807,327.897,1434.819,8.666,0.77,43206190,788573,1489333,12.92,9.83,2.94,4453,68.06,331002647
United States,2021/02/10,27354614,95250,478233,3304,82641.677,287.762,316.486,1444.801,8.417,0.77,44769970,1563780,1555959,13.39,10.1,3.13,4652,68.06,331002647
United States,2021/02/11,27460378,105764,481449,3216,82961.204,319.526,308.613,1454.517,8.189,0.76,46390270,1620300,1598080,13.87,10.38,3.35,4778,68.06,331002647
United States,2021/02/12,27560048,99670,484376,2927,83262.319,301.115,293.614,1463.36,7.87,0.76,48410558,2020288,1655907,14.48,10.71,3.61,4951,68.06,331002647
United States,2021/02/13,27647267,87219,486572,2196,83525.818,263.499,286.296,1469.994,7.66,0.75,50641884,2231326,1657703,15.14,11.08,3.91,4957,68.06,331002647
United States,2021/02/14,27712402,65135,487743,1171,83722.599,196.781,275.674,1473.532,7.545,0.74,52884356,2242472,1667631,15.81,11.45,4.21,4986,68.06,331002647
United States,2021/02/15,27766681,54279,488706,963,83886.583,163.984,260.068,1476.441,7.262,0.74,,,1662106,,,,4970,68.06,331002647
United States,2021/02/16,27829179,62498,490459,1753,84075.397,188.814,245.926,1481.737,6.703,0.74,55220364,,1716311,16.51,11.86,4.49,5132,68.06,331002647
United States,2021/02/17,27899318,70139,492856,2397,84287.296,211.899,235.088,1488.979,6.311,0.75,56281827,1061463,1644551,16.83,12.04,4.63,4917,68.06,331002647
United States,2021/02/18,27969229,69911,495372,2516,84498.506,211.21,219.615,1496.58,6.009,0.76,57737767,1455940,1621071,17.26,12.27,4.83,4847,68.06,331002647
United States,2021/02/19,28048511,79282,497996,2624,84738.026,239.521,210.815,1504.508,5.878,0.79,59585043,1847276,1596355,17.82,12.55,5.09,4773,68.06,331002647
United States,2021/02/20,28120207,71696,499831,1835,84954.629,216.602,204.116,1510.051,5.722,0.82,61289500,1704457,1521088,18.33,12.8,5.35,4548,68.06,331002647
United States,2021/02/21,28177359,57152,501067,1236,85127.292,172.663,200.67,1513.785,5.75,0.84,63090634,1801134,1458040,18.86,13.05,5.64,4360,68.06,331002647
United States,2021/02/22,28233518,56159,502386,1319,85296.955,169.663,201.482,1517.77,5.904,0.85,64177474,1086840,1446445,19.19,13.2,5.81,4325,68.06,331002647
United States,2021/02/23,28305788,72270,504663,2277,85515.292,218.337,205.699,1524.649,6.13,0.87,65032083,854609,1401674,19.44,13.32,5.94,4191,68.06,331002647
United States,2021/02/24,28380537,74749,507845,3182,85741.118,225.826,207.689,1534.263,6.469,0.88,66464947,1432864,1454731,19.87,13.53,6.16,4350,68.06,331002647
United States,2021/02/25,28458041,77504,510281,2436,85975.267,234.149,210.966,1541.622,6.435,0.88,68274117,1809170,1505193,20.41,13.78,6.45,4501,68.06,331002647
United States,2021/02/26,28535390,77349,512359,2078,86208.948,233.681,210.132,1547.9,6.199,0.89,70454064,2179947,1552717,21.07,14.11,6.76,4643,68.06,331002647
United States,2021/02/27,28600016,64626,513880,1521,86404.191,195.243,207.08,1552.495,6.063,0.89,72806180,2352116,1645240,21.77,14.48,7.09,4919,68.06,331002647
United States,2021/02/28,28651438,51422,514972,1092,86559.543,155.352,204.607,1555.794,6.001,0.89,75236003,2429823,1735053,22.5,14.88,7.41,5188,68.06,331002647
United States,2021/03/01,28709536,58098,516489,1517,86735.065,175.521,205.444,1560.377,6.087,0.88,76899987,1663984,1817502,22.99,15.17,7.61,5434,68.06,331002647
United States,2021/03/02,28766634,57098,518432,1943,86907.565,172.5,198.896,1566.247,5.943,0.88,78631601,1731614,1942788,23.51,15.48,7.82,5809,68.06,331002647
United States,2021/03/03,28833825,67191,520913,2481,87110.557,202.992,195.634,1573.743,5.64,0.88,80540474,1908873,2010790,24.08,15.8,8.06,6012,68.06,331002647
United States,2021/03/04,28901885,68060,522835,1922,87316.175,205.618,191.558,1579.549,5.418,0.88,82572848,2032374,2042676,24.69,16.16,8.31,6108,64.35,331002647
United States,2021/03/05,28968304,66419,524638,1803,87516.835,200.66,186.841,1584.996,5.299,0.88,85008094,2435246,2079147,25.42,16.61,8.58,6217,64.35,331002647
United States,2021/03/06,29026558,58254,526148,1510,87692.827,175.993,184.091,1589.558,5.295,0.88,87912323,2904229,2158020,26.29,17.15,8.9,6453,64.35,331002647
United States,2021/03/07,29067631,41073,526850,702,87816.914,124.087,179.624,1591.679,5.126,0.88,90351750,2439427,2159392,27.02,17.6,9.18,6457,64.35,331002647
United States,2021/03/08,29112548,44917,527587,737,87952.614,135.7,173.936,1593.906,4.79,0.89,92089852,1738102,2169981,27.54,17.94,9.42,6488,64.35,331002647
United States,2021/03/09,29170215,57667,529393,1806,88126.833,174.219,174.181,1599.362,4.731,0.9,93692598,1602746,2151571,28.01,18.27,9.6,6433,64.35,331002647
United States,2021/03/10,29228110,57895,530963,1570,88301.741,174.908,170.169,1604.105,4.337,0.9,95721290,2028692,2168688,28.62,18.67,9.84,6485,64.35,331002647
United States,2021/03/11,29290581,62471,532521,1558,88490.474,188.733,167.757,1608.812,4.18,0.91,98203893,2482603,2233006,29.36,19.16,10.13,6677,64.35,331002647
United States,2021/03/12,29352094,61513,534065,1544,88676.312,185.838,165.64,1613.477,4.069,0.92,101128005,2924112,2302844,30.24,19.72,10.47,6886,64.35,331002647
United States,2021/03/13,29405125,53031,535095,1030,88836.525,160.213,163.385,1616.588,3.861,0.93,105703501,4575496,2541597,31.61,20.6,11.04,7600,64.35,331002647
United States,2021/03/14,29443403,38278,535679,584,88952.168,115.643,162.179,1618.353,3.811,0.95,107060274,1356773,2386932,32.01,20.87,11.2,7137,64.35,331002647
United States,2021/03/15,29499944,56541,536427,748,89122.985,170.817,167.196,1620.612,3.815,0.96,109081860,2021586,2427430,32.62,21.25,11.46,7258,64.35,331002647
United States,2021/03/16,29553952,54008,537607,1180,89286.15,163.165,165.617,1624.177,3.545,0.96,110737856,1655996,2435037,33.11,21.57,11.67,7281,64.35,331002647
United States,2021/03/17,29613232,59280,538833,1226,89465.242,179.092,166.214,1627.881,3.397,0.96,113037627,2299771,2473762,33.8,22.03,11.96,7397,64.35,331002647
United States,2021/03/18,29673607,60375,540479,1646,89647.643,182.4,165.31,1632.854,3.435,0.97,115730008,2692381,2503731,34.6,22.57,12.25,7486,64.35,331002647
United States,2021/03/19,29735258,61651,541606,1127,89833.898,186.255,165.369,1636.259,3.255,0.98,118313818,2583810,2455116,35.38,23.09,12.54,7341,64.35,331002647
United States,2021/03/20,29790777,55519,542345,739,90001.628,167.73,166.443,1638.491,3.129,1,121441497,3127679,2248285,36.31,23.73,12.87,6723,64.35,331002647
United States,2021/03/21,29824599,33822,542833,488,90103.808,102.18,164.52,1639.966,3.088,1.01,124481412,3039915,2488734,37.22,24.34,13.2,7441,64.35,331002647
United States,2021/03/22,29876035,51436,543554,721,90259.203,155.395,162.317,1642.144,3.076,1.03,126509736,2028324,2489697,37.83,24.75,13.43,7444,66.2,331002647
United States,2021/03/23,29929723,53688,544429,875,90421.401,162.198,162.179,1644.787,2.944,1.06,128217029,1707293,2497025,38.34,25.1,13.61,7466,61.57,331002647
United States,2021/03/24,30016661,86938,545939,1510,90684.051,262.65,174.116,1649.349,3.067,1.1,130473853,2256824,2490889,39.01,25.56,13.86,7448,61.57,331002647
United States,2021/03/25,30084207,67546,547340,1401,90888.116,204.065,177.21,1653.582,2.961,1.09,133305295,2831442,2510755,39.86,26.12,14.18,7507,61.57,331002647
United States,2021/03/26,30161584,77377,548491,1151,91121.882,233.766,183.998,1657.059,2.971,1.09,136684688,3379393,2624410,40.87,26.78,14.56,7847,61.57,331002647
United States,2021/03/27,30224426,62842,549286,795,91311.735,189.853,187.158,1659.461,2.996,1.08,140180735,3496047,2677034,41.91,27.42,14.99,8004,61.57,331002647
United States,2021/03/28,30267649,43223,549811,525,91442.317,130.582,191.216,1661.047,3.012,1.08,143462691,3281956,2711611,42.9,28,15.43,8108,61.57,331002647
United States,2021/03/29,30336922,69273,550518,707,91651.599,209.282,198.914,1663.183,3.006,1.07,145812835,2350144,2757586,43.6,28.41,15.73,8245,58.8,331002647
United States,2021/03/30,30398351,61429,551402,884,91837.184,185.585,202.255,1665.854,3.009,1.06,147602345,1789510,2769331,44.13,28.72,15.97,8280,56.94,331002647
United States,2021/03/31,30465116,66765,552478,1076,92038.889,201.705,193.548,1669.104,2.822,1.05,150273292,2670947,2828491,44.93,29.18,16.33,8457,56.94,331002647
United States,2021/04/01,30544235,79119,553555,1077,92277.918,239.028,198.543,1672.358,2.682,1.05,153631404,3358112,2903730,45.94,29.77,16.77,8682,56.94,331002647
United States,2021/04/02,30614122,69887,554508,953,92489.055,211.137,195.31,1675.237,2.597,1.04,157606463,3975059,2988825,47.13,30.44,17.34,8937,56.94,331002647
United States,2021/04/03,30677383,63261,555258,750,92680.174,191.119,195.491,1677.503,2.577,1.04,161688422,4081959,3072527,48.35,31.16,17.9,9187,56.94,331002647
United States,2021/04/04,30712516,35133,555555,297,92786.315,106.141,192,1678.4,2.479,1.04,165053746,3365324,3084436,49.35,31.76,18.36,9223,56.94,331002647
United States,2021/04/05,30789920,77404,556061,506,93020.162,233.847,195.509,1679.929,2.392,1.05,167187795,2134049,3053566,49.99,32.15,18.66,9130,56.94,331002647
United States,2021/04/06,30850594,60674,556921,860,93203.466,183.304,195.183,1682.527,2.382,1.05,168592075,1404280,2998533,50.41,32.38,18.84,8966,56.94,331002647
United States,2021/04/07,30925615,75021,559514,2593,93430.114,226.648,198.746,1690.361,3.037,1.06,171476655,2884580,3029052,51.27,32.89,19.26,9057,56.94,331002647
United States,2021/04/08,31005509,79894,560541,1027,93671.484,241.37,199.081,1693.464,3.015,1.06,174879716,3403061,3035473,52.29,33.5,19.8,9076,56.94,331002647
United States,2021/04/09,31088219,82710,561432,891,93921.361,249.877,204.615,1696.156,2.988,1.06,178837781,3958065,3033045,53.47,34.22,20.39,9069,56.94,331002647
United States,2021/04/10,31154906,66687,562144,712,94122.83,201.47,206.094,1698.307,2.972,1.05,183467709,4629928,3111327,54.86,35.03,21.14,9303,56.94,331002647
United States,2021/04/11,31201415,46509,562449,305,94263.34,140.509,211.003,1699.228,2.975,1.04,187047131,3579422,3141912,55.93,35.65,21.72,9394,56.94,331002647
United States,2021/04/12,31271490,70075,562924,475,94475.045,211.705,207.84,1700.663,2.962,1.04,189692045,2644914,3214893,56.72,36.13,22.15,9613,56.94,331002647
United States,2021/04/13,31349456,77966,563757,833,94710.59,235.545,215.303,1703.18,2.95,1.03,192282781,2590736,3384387,57.49,36.57,22.52,10120,56.94,331002647
United States,2021/04/14,31424859,75403,564711,954,94938.392,227.802,215.468,1706.062,2.243,1.01,194791836,2509055,3330740,58.24,37.05,22.93,9959,56.94,331002647
United States,2021/04/15,31499167,74308,565615,904,95162.886,224.494,213.057,1708.793,2.19,0.99,198317040,3525204,3348189,59.3,37.62,23.47,10011,56.94,331002647
United States,2021/04/16,31579238,80071,566493,878,95404.79,241.904,211.918,1711.446,2.184,0.97,202282923,3965883,3349306,60.48,38.2,24.1,10015,56.94,331002647
United States,2021/04/17,31631770,52532,567193,700,95563.496,158.706,205.809,1713.56,2.179,0.95,205871913,3588990,3200601,61.56,38.72,24.66,9570,56.94,331002647
United States,2021/04/18,31673891,42121,567530,337,95690.748,127.253,203.916,1714.578,2.193,0.95,209406814,3534901,3194240,62.61,39.24,25.2,9551,56.94,331002647
United States,2021/04/19,31741996,68105,568030,500,95896.502,205.754,203.065,1716.089,2.204,0.94,211581309,2174495,3127038,63.26,39.56,25.52,9350,56.94,331002647
United States,2021/04/20,31802945,60949,568872,842,96080.636,184.134,195.721,1718.633,2.208,0.92,213388238,1806929,3015065,63.8,39.85,25.78,9015,56.94,331002647
United States,2021/04/21,31865800,62855,569732,860,96270.529,189.893,190.305,1721.231,2.167,0.91,215951909,2563671,3022868,64.57,40.2,26.19,9039,56.94,331002647
United States,2021/04/22,31933078,67278,570701,969,96473.784,203.255,187.271,1724.158,2.195,0.9,218947643,2995734,2947229,65.47,40.6,26.68,8812,56.94,331002647
United States,2021/04/23,31995489,62411,571478,777,96662.336,188.551,179.649,1726.506,2.151,0.89,222322230,3374587,2862758,66.48,41.03,27.26,8560,56.94,331002647
United States,2021/04/24,32048984,53495,572229,751,96823.951,161.615,180.065,1728.775,2.173,0.88,225640460,3318230,2824078,67.47,41.46,27.83,8444,56.94,331002647
United States,2021/04/25,32081137,32153,572522,293,96921.089,97.138,175.763,1729.66,2.154,0.88,228661408,3020948,2750656,68.37,41.85,28.34,8225,56.94,331002647
United States,2021/04/26,32128705,47568,573012,490,97064.798,143.709,166.899,1731.14,2.15,0.87,230768454,2107046,2741021,69,42.15,28.67,8196,56.94,331002647
United States,2021/04/27,32179541,50836,573666,654,97218.38,153.582,162.535,1733.116,2.069,0.87,232407669,1639215,2717062,69.49,42.38,28.93,8124,56.94,331002647
United States,2021/04/28,32234691,55150,574634,968,97384.995,166.615,159.209,1736.04,2.116,0.87,234639414,2231745,2669644,70.16,42.67,29.32,7982,56.94,331002647
United States,2021/04/29,32292942,58251,575510,876,97560.978,175.983,155.313,1738.687,2.076,0.87,237360493,2721079,2630407,70.97,43,29.8,7865,56.94,331002647
United States,2021/04/30,32350861,57919,576259,749,97735.959,174.98,153.375,1740.95,2.063,0.87,240159677,2799184,2548207,71.81,43.32,30.32,7619,56.94,331002647
United States,2021/05/01,32396252,45391,576974,715,97873.09,137.132,149.877,1743.11,2.048,0.87,243463471,3303794,2546144,72.8,43.73,30.92,7613,56.94,331002647
United States,2021/05/02,32425655,29403,577311,337,97961.921,88.83,148.69,1744.128,2.067,0.87,245591469,2127998,2418580,73.43,43.97,31.33,7232,56.94,331002647
United States,2021/05/03,32476146,50491,577814,503,98114.46,152.54,149.952,1745.648,2.072,0.86,246780203,1188734,2287393,73.79,44.11,31.55,6839,56.94,331002647
United States,2021/05/04,32516869,40723,578688,874,98237.489,123.029,145.587,1748.288,2.167,0.84,247769049,988846,2194483,74.08,44.22,31.75,6562,56.94,331002647
United States,2021/05/05,32561573,44704,579483,795,98372.546,135.056,141.079,1750.69,2.093,0.83,249566820,1797771,2132487,74.62,44.42,32.1,6376,56.94,331002647
United States,2021/05/06,32609130,47557,580281,798,98516.221,143.676,136.463,1753.101,2.059,0.83,251973752,2406932,2087608,75.34,44.69,32.57,6242,56.94,331002647
United States,2021/05/07,32657260,48130,581040,759,98661.628,145.407,132.238,1755.394,2.063,0.82,254779333,2805581,2088522,76.18,44.98,33.15,6245,56.94,331002647
United States,2021/05/08,32690935,33675,581670,630,98763.364,101.736,127.182,1757.297,2.027,0.82,257347205,2567872,1983391,76.95,45.24,33.68,5930,56.94,331002647
United States,2021/05/09,32712362,21427,581919,249,98828.098,64.734,123.74,1758.049,1.989,0.82,259716989,2369784,2017931,77.66,45.48,34.16,6034,52.31,331002647
United States,2021/05/10,32749160,36798,582332,413,98939.269,111.171,117.83,1759.297,1.95,0.81,261599381,1882392,2117025,78.22,45.69,34.54,6330,52.31,331002647
United States,2021/05/11,32782822,33662,583019,687,99040.966,101.697,114.782,1761.373,1.869,0.81,263132561,1533180,2194787,78.68,45.88,34.86,6563,52.31,331002647
United States,2021/05/12,32818648,35826,583787,768,99149.201,108.235,110.951,1763.693,1.858,0.8,264680844,1548283,2159146,79.14,46.04,35.18,6456,52.31,331002647
United States,2021/05/13,32856724,38076,584553,766,99264.233,115.032,106.859,1766.007,1.844,0.81,266596486,1915642,2088962,79.71,46.23,35.58,6246,52.31,331002647
United States,2021/05/14,32898984,42260,585210,657,99391.906,127.673,104.325,1767.992,1.8,0.81,268438666,1842180,1951333,80.26,46.42,35.96,5835,52.31,331002647
United States,2021/05/15,32927841,28857,585708,498,99479.087,87.181,102.246,1769.496,1.743,0.81,270832342,2393676,1926448,80.98,46.71,36.41,5760,52.31,331002647
United States,2021/05/16,32944716,16875,585985,277,99530.068,50.981,100.281,1770.333,1.755,0.8,272925411,2093069,1886917,81.61,46.98,36.78,5642,52.31,331002647
United States,2021/05/17,32973337,28621,586383,398,99616.536,86.468,96.752,1771.536,1.748,0.79,274411901,1486490,1830360,82.05,47.19,37.03,5473,52.31,331002647
United States,2021/05/18,33001126,27789,587154,771,99700.49,83.954,94.218,1773.865,1.785,0.78,275535207,1123306,1771807,82.39,47.35,37.21,5298,52.31,331002647
United States,2021/05/19,33030427,29301,587830,676,99789.012,88.522,91.402,1775.907,1.745,0.77,277290173,1754966,1801333,82.91,47.59,37.51,5386,52.31,331002647
United States,2021/05/20,33060633,30206,588507,677,99880.268,91.256,88.005,1777.953,1.707,0.76,279397250,2107077,1828681,83.54,47.89,37.86,5468,52.31,331002647
United States,2021/05/21,33088579,27946,589122,615,99964.696,84.428,81.827,1779.811,1.688,0.76,281595351,2198101,1879526,84.2,48.22,38.21,5620,52.31,331002647
United States,2021/05/22,33108377,19798,589618,496,100024.508,59.812,77.917,1781.309,1.688,0.78,283941223,2345872,1872697,84.9,48.58,38.57,5599,52.31,331002647
United States,2021/05/23,33121245,12868,589815,197,100063.384,38.876,76.188,1781.904,1.653,0.79,285720586,1779363,1827882,85.43,48.83,38.87,5465,46.76,331002647
United States,2021/05/24,33147060,25815,590261,446,100141.374,77.99,74.977,1783.252,1.674,0.79,286890900,1170314,1782714,85.78,49.01,39.05,5330,46.76,331002647
United States,2021/05/25,33169799,22739,590894,633,100210.072,68.697,72.797,1785.164,1.614,0.78,287788872,897972,1750524,86.05,49.15,39.19,5234,46.76,331002647
United States,2021/05/26,33193775,23976,591873,979,100282.506,72.434,70.499,1788.122,1.745,0.76,289212304,1423432,1703162,86.48,49.36,39.42,5093,46.76,331002647
United States,2021/05/27,33221223,27448,593235,1362,100365.43,82.924,69.309,1792.236,2.041,0.75,290724607,1512303,1618194,86.93,49.55,39.7,4838,46.76,331002647
United States,2021/05/28,33243082,21859,593796,561,100431.469,66.039,66.682,1793.931,2.017,0.72,292099778,1375171,1500632,87.34,49.75,39.93,4487,46.76,331002647
United States,2021/05/29,33255083,12001,594127,331,100467.725,36.257,63.317,1794.931,1.946,0.72,293705050,1605272,1394832,87.82,49.98,40.19,4171,46.76,331002647
United States,2021/05/30,33261817,6734,594262,135,100488.07,20.344,60.669,1795.339,1.919,0.72,294928850,1223800,1315466,88.19,50.15,40.39,3933,46.76,331002647
United States,2021/05/31,33267592,5775,594415,153,100505.517,17.447,52.02,1795.801,1.793,0.72,,,1253664,,,,3749,46.76,331002647
United States,2021/06/01,33290532,22940,595066,651,100574.821,69.305,52.107,1797.768,1.801,0.76,296404240,,1230767,88.63,50.38,40.63,3680,46.76,331002647
United States,2021/06/02,33307449,16917,595625,559,100625.929,51.108,49.06,1799.457,1.619,0.76,296912892,508652,1100084,88.78,50.45,40.71,3289,46.76,331002647
United States,2021/06/03,33326529,19080,596244,619,100683.572,57.643,45.449,1801.327,1.299,0.77,297720928,808036,999474,89.02,50.56,40.86,2988,46.76,331002647
United States,2021/06/04,33343379,16850,596775,531,100734.478,50.906,43.287,1802.931,1.286,0.78,299120522,1399594,1002963,89.44,50.75,41.1,2999,46.76,331002647
United States,2021/06/05,33357285,13906,597156,381,100776.49,42.012,44.109,1804.082,1.307,0.81,300268730,1148208,937669,89.78,50.91,41.3,2804,46.76,331002647
United States,2021/06/06,33362680,5395,597327,171,100792.789,16.299,43.531,1804.599,1.323,0.83,301638578,1369848,958533,90.19,51.08,41.55,2866,46.76,331002647
United States,2021/06/07,33378176,15496,597644,317,100839.604,46.815,47.727,1805.557,1.394,0.84,302851917,1213339,1026482,90.55,51.22,41.79,3069,46.76,331002647
United States,2021/06/08,33391189,13013,597985,341,100878.918,39.314,43.442,1806.587,1.26,0.85,303923667,1071750,1074204,90.87,51.35,41.99,3212,46.76,331002647
United States,2021/06/09,33409836,18647,598435,450,100935.253,56.335,44.189,1807.946,1.213,0.86,304753476,829809,1120083,91.12,51.45,42.15,3349,46.76,331002647
United States,2021/06/10,33424381,14545,598866,431,100979.195,43.942,42.232,1809.248,1.132,0.86,305687618,934142,1138099,91.4,51.56,42.33,3403,46.76,331002647
United States,2021/06/11,33449080,24699,599517,651,101053.814,74.619,45.619,1811.215,1.183,0.86,306509795,822177,1055610,91.65,51.66,42.49,3156,46.76,331002647
United States,2021/06/12,33457308,8228,599808,291,101078.672,24.858,43.169,1812.094,1.145,0.86,308112728,1602933,1120571,92.13,51.85,42.79,3351,46.76,331002647
United States,2021/06/13,33462085,4777,599921,113,101093.104,14.432,42.902,1812.436,1.12,0.85,309322545,1209817,1097710,92.49,51.98,43.03,3282,46.76,331002647
United States,2021/06/14,33474815,12730,600098,177,101131.563,38.459,41.708,1812.97,1.059,0.84,310645827,1323282,1113416,92.88,52.1,43.33,3329,,331002647
United States,2021/06/15,33486120,11305,600416,318,101165.717,34.154,40.971,1813.931,1.049,0.83,311886674,1240847,1137572,93.26,52.23,43.59,3401,,331002647
United States,2021/06/16,33498545,12425,600792,376,101203.254,37.537,38.286,1815.067,1.017,0.83,312915170,1028496,1165956,93.56,52.34,43.79,3486,,331002647
United States,2021/06/17,33508938,10393,601077,285,101234.653,31.399,36.494,1815.928,0.954,0.84,314969386,2054216,1325967,94.18,52.59,44.18,3965,,331002647
United States,2021/06/18,33529529,20591,601675,598,101296.861,62.208,34.721,1817.735,0.931,0.87,316048776,1079390,1362712,94.5,52.71,44.39,4075,,331002647
United States,2021/06/19,33538049,8520,601847,172,101322.601,25.74,34.847,1818.254,0.88,0.9,317117797,1069021,1286438,94.82,52.85,44.59,3847,,331002647
United States,2021/06/20,33541941,3892,601935,88,101334.359,11.758,34.465,1818.52,0.869,0.92,317966408,848611,1234838,95.07,52.95,44.75,3692,,331002647
United States,2021/06/21,33554275,12334,602205,270,101371.621,37.263,34.294,1819.336,0.909,0.93,318576441,610033,1132945,95.26,53.03,44.86,3388,,331002647
United States,2021/06/22,33565215,10940,602528,323,101404.672,33.051,34.137,1820.312,0.912,0.94,319223844,647403,1048167,95.45,53.11,44.98,3134,,331002647
United States,2021/06/23,33577651,12436,602904,376,101442.243,37.571,34.141,1821.448,0.912,0.96,319872053,648209,993840,95.64,53.21,45.09,2972,,331002647
United States,2021/06/24,33590481,12830,603245,341,101481.004,38.761,35.193,1822.478,0.936,0.99,320687205,815152,816831,95.89,53.32,45.23,2442,,331002647
United States,2021/06/25,33614196,23715,603742,497,101552.65,71.646,36.541,1823.979,0.892,1.01,321199379,512174,735800,96.04,53.37,45.33,2200,,331002647
United States,2021/06/26,33621499,7303,603890,148,101574.713,22.063,36.016,1824.426,0.882,1.03,322123103,923724,715044,96.32,53.48,45.5,2138,,331002647
United States,2021/06/27,33625419,3920,603964,74,101586.556,11.843,36.028,1824.65,0.876,1.05,323327328,1204225,765846,96.68,53.6,45.76,2290,,331002647
United States,2021/06/28,33640502,15083,604114,150,101632.124,45.568,37.215,1825.103,0.824,1.06,324414371,1087043,833990,97,53.71,45.98,2494,,331002647
United States,2021/06/29,33651852,11350,604430,316,101666.414,34.29,37.392,1826.058,0.821,1.06,325152847,738476,847000,97.22,53.8,46.11,2533,23.61,331002647
United States,2021/06/30,33664970,13118,604674,244,101706.045,39.631,37.686,1826.795,0.764,1.08,326521526,1368679,949925,97.63,54.02,46.31,2840,23.61,331002647
United States,2021/07/01,33679433,14463,604979,305,101749.739,43.695,38.391,1827.717,0.748,1.11,328152304,1630778,1066443,98.12,54.22,46.61,3189,23.61,331002647
United States,2021/07/02,33709325,29892,605449,470,101840.047,90.307,41.057,1829.136,0.737,1.13,328809470,657166,1087156,98.32,54.31,46.72,3251,23.61,331002647
United States,2021/07/03,33714064,4739,605529,80,101854.364,14.317,39.95,1829.378,0.707,1.15,329970551,1161081,1121064,98.66,54.45,46.94,3352,23.61,331002647
United States,2021/07/04,33717761,3697,605562,33,101865.533,11.169,39.854,1829.478,0.69,1.17,330604253,633702,1039561,98.85,54.54,47.04,3108,23.61,331002647
United States,2021/07/05,33723289,5528,605608,46,101882.234,16.701,35.73,1829.617,0.645,1.22,,,927847,,,,2774,23.61,331002647
United States,2021/07/06,33747513,24224,605942,334,101955.417,73.184,41.286,1830.626,0.653,1.34,331214347,,865929,99.03,54.63,47.13,2589,23.61,331002647
United States,2021/07/07,33770444,22931,606232,290,102024.695,69.277,45.521,1831.502,0.672,1.4,331651464,437117,732848,99.17,54.69,47.22,2191,23.61,331002647
United States,2021/07/08,33790505,20061,606489,257,102085.301,60.607,47.937,1832.278,0.652,1.44,332345797,694333,599070,99.37,54.79,47.33,1791,23.61,331002647
United States,2021/07/09,33838746,48241,606993,504,102231.043,145.742,55.857,1833.801,0.666,1.46,332966409,620612,593848,99.56,54.88,47.43,1776,23.61,331002647
United States,2021/07/10,33847784,9038,607132,139,102258.348,27.305,57.712,1834.221,0.692,1.44,333565404,598995,513550,99.74,54.97,47.53,1536,23.61,331002647
United States,2021/07/11,33853948,6164,607156,24,102276.971,18.622,58.777,1834.293,0.688,1.45,334151648,586244,506771,99.91,55.06,47.62,1515,23.61,331002647
United States,2021/07/12,33888961,35013,607399,243,102382.749,105.779,71.502,1835.028,0.773,1.47,334600770,449122,527353,100.05,55.13,47.69,1577,23.61,331002647
United States,2021/07/13,33915385,26424,607784,385,102462.579,79.83,72.452,1836.191,0.795,1.45,334942236,341466,532556,100.15,55.18,47.74,1592,23.61,331002647
United States,2021/07/14,33947230,31845,608115,331,102558.787,96.208,76.299,1837.191,0.813,,335487779,545543,548045,100.31,55.27,47.88,1639,,331002647